Elements,fixed[F],fixed[$\ell$],byte[F],byte[$\ell$],bit[F],bit[$\ell$],fixed[$16$]fixed,byte[$16$]byte,bit[$16$]bit,fixed[$16$]byte,fixed[$16$]bit,byte[$16$]bit,fixed[F]8,fixed[$\ell$]8,byte[F]8,byte[$\ell$]8,bit[F]8,bit[$\ell$]8,fixed[$16$]fixed8,byte[$16$]byte8,bit[$16$]bit8,fixed[$16$]byte8,fixed[$16$]bit8,byte[$16$]bit8,fixed[F]16,fixed[$\ell$]16,byte[F]16,byte[$\ell$]16,bit[F]16,bit[$\ell$]16,fixed[$16$]fixed16,byte[$16$]byte16,bit[$16$]bit16,fixed[$16$]byte16,fixed[$16$]bit16,byte[$16$]bit16,fixed[F]32,fixed[$\ell$]32,byte[F]32,byte[$\ell$]32,bit[F]32,bit[$\ell$]32,fixed[$16$]fixed32,byte[$16$]byte32,bit[$16$]bit32,fixed[$16$]byte32,fixed[$16$]bit32,byte[$16$]bit32,fixed[F]64,fixed[$\ell$]64,byte[F]64,byte[$\ell$]64,bit[F]64,bit[$\ell$]64,fixed[$16$]fixed64,byte[$16$]byte64,bit[$16$]bit64,fixed[$16$]byte64,fixed[$16$]bit64,byte[$16$]bit64
640,1056.700000,721.300000,751.700000,8554.300000,769.200000,11989.800000,1013.000000,9172.900000,9031.500000,935.200000,1079.100000,11881.800000,802.500000,1025.200000,3350.400000,8484.800000,807.600000,8755.200000,1088.900000,7712.200000,5719.000000,872.000000,805.500000,5996.000000,606.400000,2410.700000,721.300000,5873.000000,725.000000,5559.600000,734.100000,6907.700000,5550.500000,827.100000,813.200000,5689.500000,586.600000,603.800000,715.200000,9974.700000,703.800000,9740.200000,739.700000,5556.200000,5556.200000,859.900000,781.400000,5584.600000,573.700000,577.500000,703.900000,5436.900000,696.300000,5421.500000,728.700000,5576.700000,5562.700000,865.800000,789.900000,5576.200000
1280,1235.450000,405.100000,382.200000,3870.900000,1048.200000,4091.050000,1019.300000,3743.350000,4763.700000,1192.000000,470.900000,3393.800000,922.250000,306.800000,373.200000,4212.800000,1062.200000,3336.000000,1248.200000,3383.550000,2838.300000,1161.150000,411.250000,3417.250000,921.250000,299.750000,354.400000,3365.900000,1091.650000,3357.050000,1099.800000,3365.850000,4153.850000,1177.950000,447.900000,3587.400000,1037.800000,343.700000,388.250000,3464.150000,1002.250000,3347.950000,983.650000,3405.350000,4107.100000,1140.600000,416.550000,3408.800000,1024.650000,339.000000,425.950000,3465.300000,1146.650000,3752.650000,1011.450000,3533.900000,4714.900000,1040.800000,412.350000,3362.300000
1920,330.733333,243.766667,261.800000,2402.433333,725.033333,2337.900000,677.400000,2299.966667,2752.500000,770.166667,274.200000,2864.266667,672.833333,214.500000,241.866667,2247.066667,230.366667,2231.500000,334.466667,1866.466667,1871.600000,279.800000,268.933333,1855.433333,199.533333,200.666667,239.566667,1815.866667,243.900000,1829.666667,247.066667,1844.100000,1852.733333,303.800000,298.000000,2683.166667,185.633333,201.866667,234.600000,2450.000000,241.433333,1849.800000,669.500000,2286.466667,2730.666667,742.466667,261.100000,2277.500000,683.833333,205.500000,236.366667,1871.266667,640.733333,2207.900000,644.033333,2253.833333,3296.866667,268.033333,267.400000,1850.633333
2560,286.225000,182.575000,192.500000,1499.000000,208.100000,1425.225000,194.575000,1440.600000,1415.050000,230.400000,224.950000,1729.350000,160.700000,164.100000,194.050000,1381.225000,498.900000,1732.700000,301.125000,1975.750000,1512.450000,215.425000,218.725000,1434.075000,157.250000,155.450000,176.600000,1400.725000,179.600000,1390.025000,196.925000,1412.275000,1410.600000,220.450000,207.950000,1391.850000,155.950000,154.275000,181.975000,1378.850000,175.750000,1431.625000,187.375000,1404.725000,1409.700000,214.675000,211.725000,1413.550000,160.875000,163.075000,192.575000,1386.975000,190.000000,1382.475000,196.175000,1721.525000,1395.400000,217.975000,206.725000,1394.475000
3200,197.180000,183.540000,176.380000,1707.760000,441.520000,2169.860000,175.920000,1404.940000,1128.720000,185.600000,169.040000,1420.560000,126.740000,124.020000,141.860000,1115.160000,434.700000,1357.940000,493.380000,1374.000000,1122.760000,186.580000,163.500000,1379.620000,137.700000,131.860000,138.820000,1100.840000,155.020000,1093.960000,440.000000,1363.280000,1132.300000,179.560000,162.100000,1119.760000,116.780000,121.860000,138.060000,1078.760000,148.940000,1080.220000,163.400000,1675.900000,1193.420000,183.360000,169.960000,1422.940000,126.840000,115.960000,138.460000,1395.540000,147.260000,1108.500000,157.160000,1135.080000,1119.120000,173.340000,155.980000,1120.540000
3840,158.500000,121.416667,134.733333,1275.333333,380.250000,1194.516667,375.200000,1225.866667,953.800000,158.366667,147.600000,1148.433333,108.750000,103.600000,122.233333,923.166667,126.816667,1174.850000,165.466667,1145.366667,955.016667,155.866667,139.833333,1228.600000,136.033333,107.816667,134.166667,1337.083333,131.900000,1196.500000,132.216667,1151.416667,944.033333,154.083333,140.200000,1148.116667,105.933333,102.916667,122.316667,921.550000,123.316667,916.500000,133.950000,947.133333,929.950000,143.683333,145.850000,1163.450000,107.333333,101.616667,133.166667,923.483333,125.833333,972.066667,127.600000,1140.600000,946.350000,146.216667,147.750000,1152.033333
4480,139.928571,105.657143,115.485714,861.685714,148.914286,1210.200000,119.171429,1094.800000,829.971429,129.300000,127.985714,989.057143,88.700000,88.442857,110.357143,798.414286,107.300000,786.542857,144.000000,800.314286,805.000000,132.542857,123.871429,817.457143,94.985714,93.757143,101.771429,980.128571,109.571429,784.342857,108.257143,799.185714,801.471429,129.157143,121.942857,796.857143,92.500000,90.314286,98.900000,1394.671429,112.514286,784.528571,112.128571,1152.785714,898.257143,130.928571,114.585714,824.428571,87.214286,85.914286,106.185714,799.500000,107.342857,840.300000,117.485714,809.428571,1354.885714,125.400000,127.585714,801.685714
5120,302.962500,107.087500,101.450000,900.512500,104.975000,729.725000,256.062500,868.837500,708.625000,116.737500,114.587500,708.675000,79.312500,74.875000,87.700000,845.137500,104.687500,705.650000,283.450000,864.637500,714.550000,157.125000,113.750000,1180.300000,89.312500,81.987500,90.137500,960.012500,95.725000,863.250000,96.712500,867.875000,713.275000,110.125000,104.375000,853.387500,78.100000,77.612500,88.750000,842.037500,94.675000,688.412500,102.475000,702.512500,695.587500,106.275000,97.400000,852.275000,76.362500,74.512500,85.112500,864.037500,99.887500,836.225000,100.025000,857.512500,704.400000,111.800000,104.725000,708.450000
5760,111.500000,99.922222,96.044444,1003.444444,96.211111,682.055556,95.322222,826.600000,654.977778,108.033333,106.300000,660.688889,71.900000,70.444444,82.900000,618.188889,84.700000,618.911111,115.966667,637.011111,635.266667,104.400000,97.355556,807.422222,74.455556,70.655556,82.322222,611.644444,244.244444,741.366667,243.222222,624.155556,628.088889,96.800000,95.411111,621.144444,67.077778,71.544444,81.677778,884.922222,86.911111,827.088889,93.188889,632.566667,622.444444,97.611111,93.355556,637.188889,100.788889,70.677778,86.888889,626.377778,249.400000,748.933333,244.577778,758.588889,914.677778,249.644444,86.600000,621.722222
6400,111.850000,72.920000,87.780000,714.970000,233.040000,578.560000,82.650000,702.220000,586.400000,97.460000,97.580000,567.010000,66.320000,63.060000,100.340000,800.250000,225.090000,764.710000,113.190000,709.880000,568.940000,94.250000,90.680000,573.570000,64.690000,63.720000,75.380000,556.250000,80.420000,551.920000,76.450000,681.790000,561.720000,88.220000,85.630000,563.640000,64.200000,62.420000,72.690000,548.710000,80.630000,550.430000,77.090000,690.550000,564.450000,90.630000,88.500000,562.650000,63.710000,67.260000,75.860000,577.520000,86.190000,746.440000,83.130000,733.500000,559.140000,115.750000,81.430000,565.300000
12800,47.845000,37.550000,46.655000,377.355000,49.430000,356.570000,55.765000,357.585000,335.825000,53.635000,50.290000,294.605000,33.190000,33.770000,39.665000,284.680000,39.090000,285.405000,52.015000,367.610000,282.950000,43.670000,42.540000,286.335000,43.425000,41.190000,40.505000,461.215000,41.160000,390.030000,41.765000,355.095000,283.390000,47.315000,46.145000,288.840000,33.160000,32.810000,39.490000,281.685000,42.120000,280.750000,39.190000,388.825000,282.320000,47.325000,42.845000,282.735000,30.045000,34.835000,36.925000,275.420000,37.810000,275.690000,40.375000,285.105000,489.270000,109.135000,44.755000,448.280000
19200,34.776667,25.176667,36.670000,305.963333,36.456667,262.820000,28.993333,241.000000,198.706667,37.756667,37.676667,236.896667,71.916667,23.956667,27.123333,193.843333,26.913333,187.010000,36.710000,192.396667,193.943333,32.233333,30.633333,232.616667,22.676667,24.056667,25.960000,187.966667,28.213333,199.723333,28.616667,275.093333,297.050000,81.416667,30.243333,240.943333,63.410000,23.673333,27.620000,226.433333,73.383333,226.650000,26.143333,230.103333,278.320000,79.470000,30.463333,229.723333,69.543333,22.590000,26.250000,229.443333,74.790000,225.546667,68.503333,289.223333,283.076667,79.266667,30.026667,228.163333
25600,25.695000,24.092500,27.797500,229.895000,63.855000,191.130000,56.627500,182.992500,150.165000,30.725000,30.192500,180.352500,16.812500,16.932500,20.375000,140.467500,20.845000,141.362500,27.520000,242.240000,142.817500,23.477500,22.695000,142.855000,17.030000,16.960000,19.507500,249.570000,20.320000,139.220000,20.600000,181.970000,171.417500,25.720000,23.440000,188.137500,16.620000,16.615000,21.067500,148.245000,20.482500,139.992500,21.262500,174.415000,143.750000,23.352500,22.435000,143.580000,17.802500,17.415000,19.930000,140.020000,20.665000,139.422500,21.415000,174.570000,142.957500,22.917500,22.580000,142.162500
32000,50.796000,18.704000,28.534000,196.958000,54.672000,161.130000,47.148000,151.162000,176.770000,54.906000,25.690000,146.916000,43.508000,14.482000,17.448000,116.716000,17.702000,115.764000,28.956000,210.484000,200.578000,24.898000,20.434000,209.770000,52.174000,19.554000,21.468000,177.958000,20.472000,175.140000,21.370000,183.778000,207.200000,24.024000,22.880000,184.986000,24.050000,19.138000,22.502000,202.892000,19.294000,200.806000,18.086000,161.246000,116.444000,20.268000,19.198000,120.176000,14.136000,14.384000,17.134000,115.378000,17.238000,113.268000,16.764000,140.538000,118.278000,19.806000,18.474000,144.686000
38400,23.311667,17.765000,26.886667,157.036667,24.785000,130.010000,23.765000,127.830000,106.136667,26.075000,25.866667,127.121667,14.318333,14.373333,16.521667,95.518333,16.948333,96.566667,27.331667,120.303333,98.196667,19.041667,18.398333,98.778333,13.871667,14.593333,16.168333,93.498333,16.340000,98.386667,20.550000,139.806667,108.395000,19.041667,17.841667,119.645000,13.923333,13.616667,15.573333,117.563333,16.686667,116.268333,16.638333,117.450000,96.978333,17.911667,17.790000,117.966667,13.901667,14.423333,16.173333,95.043333,16.685000,93.985000,16.813333,119.028333,98.255000,18.591667,17.460000,142.360000
44800,17.821429,14.472857,21.151429,128.472857,21.705714,109.528571,15.994286,108.521429,91.695714,22.851429,22.602857,108.871429,12.351429,11.997143,18.154286,81.864286,14.420000,80.907143,17.250000,102.901429,85.261429,16.251429,15.685714,102.590000,12.000000,11.767143,13.665714,114.307143,38.298571,124.434286,34.977143,116.308571,85.071429,15.815714,15.800000,105.431429,12.144286,12.887143,14.332857,83.895714,13.774286,83.845714,14.761429,86.181429,84.057143,16.212857,15.241429,102.677143,12.067143,12.294286,13.618571,81.117143,13.890000,80.794286,14.461429,101.720000,84.284286,39.612857,15.072857,126.431429
51200,15.893750,13.098750,19.687500,112.267500,38.697500,93.775000,32.352500,97.302500,81.543750,21.498750,21.117500,151.265000,10.613750,10.728750,13.185000,72.748750,13.065000,71.100000,14.852500,89.605000,73.775000,14.640000,14.178750,90.346250,11.037500,11.121250,13.448750,107.625000,12.863750,79.282500,12.626250,90.353750,74.002500,13.848750,13.662500,89.257500,10.783750,10.836250,12.461250,88.050000,12.570000,70.793750,12.783750,90.123750,74.576250,13.996250,13.365000,73.448750,10.863750,10.876250,12.241250,70.903750,15.716250,89.326250,14.048750,100.115000,76.975000,14.481250,13.760000,91.593750
57600,14.930000,11.801111,18.704444,89.281111,18.847778,85.462222,12.876667,88.204444,73.721111,19.831111,20.225556,87.216667,9.670000,9.591111,11.266667,77.358889,11.910000,63.118889,13.947778,80.210000,66.525556,17.221111,12.973333,96.746667,9.677778,9.602222,11.248889,85.621111,11.803333,77.640000,10.938889,84.704444,65.672222,12.843333,11.938889,80.154444,9.213333,9.502222,10.634444,63.211111,10.671111,62.770000,11.461111,80.003333,66.087778,12.222222,12.073333,79.302222,9.713333,11.814444,14.276667,105.041111,11.431111,85.956667,11.181111,80.741111,67.250000,13.060000,11.970000,83.420000
64000,12.540000,10.754000,17.276000,80.655000,18.296000,77.341000,11.426000,97.018000,67.090000,19.295000,19.138000,79.543000,8.297000,8.880000,10.769000,70.777000,10.693000,84.592000,27.802000,78.149000,86.528000,26.035000,11.539000,73.015000,9.031000,9.445000,10.588000,70.332000,10.021000,57.004000,10.377000,71.929000,59.460000,11.573000,11.399000,71.822000,8.838000,9.053000,10.227000,57.229000,10.055000,57.654000,10.221000,71.545000,59.503000,12.135000,11.808000,82.298000,23.217000,9.100000,10.523000,75.906000,10.575000,70.861000,10.302000,62.683000,85.360000,26.044000,11.131000,70.604000
128000,9.942000,8.658000,14.340000,42.071000,23.246000,40.577000,15.258000,46.086000,52.632000,14.896500,21.611000,52.810000,5.671500,6.289000,7.095500,39.771000,7.232500,46.018500,8.165000,42.546500,32.437000,7.989500,7.592500,38.824500,5.542500,5.478000,6.637000,36.892000,6.938000,36.132000,6.370500,38.016000,31.799500,7.141500,7.402000,31.515000,6.198000,7.167000,6.774500,42.473500,14.273500,38.022000,13.995000,38.082500,44.604000,14.101500,7.416000,38.072500,13.153000,6.032000,6.210000,37.235000,6.670500,29.917500,6.899000,37.279500,32.127000,7.604000,7.252000,47.345500
192000,9.361333,7.068333,13.074667,38.979333,22.769667,31.370333,7.706000,35.058667,35.115667,13.512333,13.810000,34.345000,4.683667,4.928667,5.997333,20.707667,6.152667,24.286333,6.148667,27.786000,22.370667,6.502667,6.515333,26.501333,4.816000,5.064667,6.521667,20.083333,15.600333,29.058667,10.433667,28.500000,30.924000,10.807000,6.060000,26.133333,10.584667,4.984333,5.557000,24.137667,15.372667,23.895000,10.146000,25.633000,22.223333,10.682667,5.865667,25.975667,10.759667,5.028000,5.538667,23.981333,14.507333,25.462000,6.040333,30.187000,23.583000,6.099333,5.867000,26.656000
256000,9.265250,6.792250,12.827500,24.759250,12.804000,23.038000,6.820000,28.137500,28.275750,13.248750,13.098000,27.876000,4.279250,4.332750,5.450000,18.827250,5.571250,20.339500,5.828750,24.201500,19.149000,5.751750,5.808750,21.391250,4.250500,4.460250,5.028750,18.869250,5.058500,15.430500,4.727250,20.807750,17.539500,5.390500,5.330000,20.391500,4.473750,4.482250,4.880500,18.271000,5.071500,18.481250,5.588750,24.199250,19.308750,5.290500,5.307500,21.017500,4.589000,4.609500,4.987500,18.745500,5.037750,18.820500,4.920500,20.648000,17.356000,5.315750,5.224500,20.259500
320000,16.960200,9.280600,14.906600,22.522000,12.659200,20.419200,7.845000,30.476200,27.929800,12.808800,15.607200,25.418600,4.232400,4.088000,5.149600,15.803200,5.808400,15.947400,5.026000,17.740200,15.172400,5.313200,5.299000,17.560200,4.071200,4.174000,4.643800,15.366600,4.702600,16.140000,4.959800,20.148400,16.814200,7.758400,4.880000,17.374600,6.946200,4.343800,4.602400,15.171400,7.361200,18.789400,7.451000,23.085000,18.783000,7.659200,4.752200,17.007800,7.240400,4.348800,4.627800,21.240600,9.923200,15.956000,7.526400,19.896800,20.836600,7.875600,4.976800,17.445400
384000,13.303833,6.344333,13.931167,18.411833,16.658000,17.439500,6.428167,22.169000,22.271167,12.340333,14.634833,27.388000,3.925667,3.963333,4.777667,13.029500,4.978500,13.347500,4.792333,15.824333,13.427833,5.098167,5.141500,15.294833,3.786667,3.987000,4.484500,12.962500,4.615500,12.862000,4.133500,14.689500,12.779500,4.812833,4.780667,14.922833,4.093000,4.218500,4.425833,12.808000,4.491333,13.444000,4.438500,15.969167,12.825000,5.092500,4.690000,14.824833,4.227833,4.185500,4.471500,13.178833,4.500167,13.425667,4.422667,14.980167,12.913333,4.704000,4.810000,15.079833
448000,10.642714,6.469286,13.872429,16.661286,15.067143,19.038143,11.897571,21.996429,20.762571,12.419429,14.280143,21.075429,3.822143,3.892429,5.202143,11.568143,4.991143,11.525857,4.500286,13.548286,11.907714,4.958857,5.141000,13.754143,3.724571,3.832286,4.386000,13.809571,4.554571,12.202571,4.042857,13.602857,18.164000,4.660286,4.538714,13.302429,3.947143,4.032857,4.274143,11.450857,4.471286,11.331571,4.204286,13.108143,11.563429,4.496143,4.590429,13.101286,4.100714,4.070571,4.418571,12.252857,6.827000,13.027857,6.335143,13.689429,15.242429,6.978429,5.028286,13.123286
512000,13.644125,10.012750,13.822500,15.574250,13.663750,14.304000,6.209000,19.477000,19.555000,13.745500,14.286250,19.414875,7.717125,4.489625,4.820125,12.564375,4.867875,10.943875,4.367000,12.382750,12.527125,4.768875,4.926375,12.483250,3.699750,3.746250,4.281375,10.115125,4.348250,10.101125,7.569000,11.885500,16.807750,4.414875,4.827000,11.913500,4.333500,3.996125,4.256500,12.059625,4.299250,10.739750,4.085875,12.321500,10.673500,4.415000,4.379875,12.109625,7.298000,4.031750,4.195500,10.103875,4.324500,10.124125,4.206625,11.950750,10.557750,4.416875,4.492250,16.136000
576000,11.553333,5.796889,13.245333,15.688222,13.567778,13.902222,6.131889,19.177222,18.896667,13.448889,13.737111,18.804667,4.160333,3.660333,4.347111,7.930667,4.730222,7.884333,4.140667,10.126889,11.667000,7.703778,4.881333,13.820889,3.659333,3.647333,4.042444,8.326444,4.327000,7.846333,3.849111,9.692444,11.165778,7.257333,4.273667,9.780222,3.693444,3.687333,6.902000,7.699778,4.093222,8.172556,3.965111,9.630000,14.551111,7.440556,4.155889,12.581111,6.813556,3.938444,4.057889,8.390778,4.211556,7.790222,4.114778,9.733000,11.115000,4.255889,4.146111,9.723333
640000,11.308800,5.905900,14.324900,16.418500,13.627500,13.323000,6.437900,19.987100,18.645900,13.771700,13.322200,18.503000,3.622900,3.673100,4.392900,8.874700,5.021200,8.622300,4.056200,10.598200,10.682000,4.580200,4.681700,10.731100,3.595200,3.646600,4.074600,8.232600,4.164800,8.739000,4.017500,11.327700,10.468500,4.242100,4.225600,10.548200,3.704600,4.156200,4.039200,8.376300,4.076300,8.375700,3.887300,10.142200,10.263700,4.150600,4.491100,10.454900,3.818800,3.892100,4.028500,8.533500,4.827700,10.659800,4.071500,11.118100,11.852800,6.885400,5.413000,10.452800
1280000,10.744500,9.259250,13.553550,10.246700,12.107600,9.867150,7.716500,18.556850,17.103900,12.975200,12.318050,17.894250,4.687750,3.564850,4.740100,6.984100,4.187200,5.986600,3.534300,9.945400,10.044700,5.596450,4.209500,9.124900,3.991900,3.901700,4.253700,7.337150,3.751950,5.696050,3.323700,8.940700,9.412500,5.105650,3.811800,9.915550,4.987250,4.063050,4.263300,6.768400,3.689300,5.898450,3.504550,9.492700,9.423750,5.151400,3.721950,9.005350,4.875600,4.137350,4.274150,6.096150,3.699500,5.831500,3.569300,8.918800,10.294850,5.438550,4.344100,12.117750
1920000,9.106900,7.819600,11.640600,8.790033,13.167533,8.038100,5.916500,13.036233,13.055833,12.280467,11.890333,13.053167,3.284067,3.606933,4.050667,3.876900,4.469833,4.731167,4.274500,6.117033,6.566733,4.808800,4.451733,6.031100,3.978767,4.136433,3.878667,3.722633,4.991100,3.703900,4.426833,5.545400,5.620733,3.989833,4.065333,5.798967,3.388567,3.655900,4.085167,4.669867,4.451500,3.925967,4.167567,5.609800,6.494200,4.365033,3.923367,5.638833,4.219033,3.770567,4.875167,3.847000,4.816900,3.800900,4.281167,5.552433,5.580467,5.167200,4.106500,7.216133
2560000,8.456375,8.123050,12.863575,8.867950,11.520575,9.203000,6.502250,14.026300,14.126375,12.079875,11.722475,13.252750,3.963775,3.456200,4.219675,4.654525,4.292625,4.375000,3.629100,6.933725,6.724550,5.484700,4.331050,6.220450,3.757100,3.456575,3.817475,4.484450,3.823925,4.185825,3.408800,5.647175,6.607625,4.260350,3.875200,5.751500,4.667375,3.554475,3.756625,4.842650,3.785525,4.290600,3.579125,5.996725,5.833625,4.248050,3.827175,5.674300,4.012825,3.675350,3.797275,4.555900,3.780875,4.339925,3.696725,5.742650,5.836225,4.205325,3.856175,6.535875
3200000,7.911980,7.322960,11.934440,8.835900,12.063120,8.365780,6.087940,12.772540,12.381240,12.584220,11.638920,12.943420,3.715500,3.352260,4.090100,4.619980,4.191840,4.337600,4.310920,5.873480,5.654700,4.534920,4.866500,6.121380,3.601100,3.297760,3.656060,4.329340,3.727640,4.147200,3.929980,4.721960,4.880280,4.661740,3.750940,4.662280,3.720620,3.775040,3.724240,4.628780,3.653480,4.315520,3.447840,4.945520,5.488220,3.982680,3.673220,4.639740,4.419340,3.545940,3.631000,4.404460,3.656120,4.833680,4.152920,4.615000,4.754800,4.151700,3.758440,5.399400
3840000,8.378000,8.217517,11.568133,7.746317,12.169850,7.830250,6.243183,12.759550,12.759433,12.160417,12.093200,13.002717,3.567500,3.764500,5.004233,3.355817,4.998333,4.247433,3.731050,5.231967,5.209117,4.315267,4.629883,5.351833,3.486667,3.742083,4.587150,3.180383,3.934533,3.075783,3.509567,4.953733,5.245383,3.883633,4.239550,4.957617,3.773667,3.814433,4.546133,3.435533,3.816117,3.181233,4.127600,4.857200,4.871333,3.829950,4.021450,5.407400,3.676417,3.905933,3.981633,3.175717,3.822183,3.197617,3.709183,5.444933,5.514533,4.350933,4.041033,5.050200
4480000,7.979300,7.623686,11.506771,7.625643,11.827114,7.543186,5.695814,12.972514,13.067600,12.220814,11.953071,12.734000,3.636829,3.719014,4.069129,3.593371,4.280886,3.571686,4.122757,4.242714,4.303286,5.117229,5.179071,4.401457,3.419943,3.182286,3.542757,3.390400,3.605329,4.106800,4.225214,3.955571,3.647914,5.120000,3.905914,4.035386,3.561000,3.283143,3.477886,4.384829,3.696157,4.572900,4.123700,3.719843,4.041471,4.016857,3.505257,3.754629,3.644371,3.429043,3.495371,4.313571,4.032243,4.533100,4.719571,4.103943,3.744857,3.971243,3.545857,3.643443
5120000,8.352937,7.208600,11.596875,7.193087,11.752488,6.907138,6.014938,12.584350,12.599650,12.067550,12.458137,12.709550,3.980175,3.412387,4.312812,2.825125,4.092562,2.550962,3.243138,4.933725,4.953100,4.653688,4.085075,4.633538,3.490463,3.155175,3.504313,2.409150,3.569463,3.285887,3.352150,4.532675,4.604787,3.864313,3.958650,4.264475,3.589062,3.288537,3.458638,2.376288,3.498400,2.333175,3.680487,4.111487,4.114388,3.795450,3.491038,4.111038,3.924050,3.792962,3.485175,2.722762,3.522137,2.448800,3.421887,4.126412,4.463063,3.815350,3.530213,4.554462
5760000,7.816156,7.111500,11.193611,7.075744,11.821567,7.179933,5.921000,12.891056,12.452611,11.968800,11.753244,12.083156,3.477133,3.489389,3.875444,2.472356,3.974411,2.480200,3.281678,4.413256,5.120900,4.529544,4.071578,4.979111,3.738478,3.611233,3.475833,2.495367,3.897111,2.236389,3.465867,4.012144,4.442267,4.109744,3.552300,4.453022,3.857678,3.240456,3.417189,2.270289,3.784189,2.220389,3.282022,4.334078,4.859056,3.900722,3.493144,4.321144,3.627156,3.344956,3.426756,2.379133,3.806200,2.687144,3.374778,4.070856,4.301511,3.725222,3.475922,4.050722
6400000,8.026450,7.145750,12.265860,7.463930,12.062250,6.750390,6.183750,12.422400,12.292800,11.854390,11.737550,12.021950,3.297560,3.142860,3.860580,2.435930,4.279820,2.540870,3.232230,4.400790,4.709200,4.255140,4.006560,5.156980,3.367190,3.398560,3.460470,2.256810,3.556640,2.550090,3.142210,3.988530,4.272900,3.758530,3.530600,4.058310,3.825510,3.236360,3.399200,2.392130,3.849110,2.305490,3.700540,4.258110,4.099210,3.530730,3.715610,4.570300,3.453570,3.307910,3.662330,2.750480,3.591400,2.678130,3.822640,4.432470,4.155340,3.553350,3.629960,4.281160
12800000,7.844205,7.451585,11.643010,6.810620,11.623160,6.617240,6.240835,11.961235,11.982925,11.615340,11.676655,11.972835,3.317085,3.202155,3.885225,2.345745,4.250890,2.121885,3.257575,4.322490,4.405885,4.033025,4.117360,4.417970,3.233665,3.233960,3.424080,2.138890,3.676985,1.930675,3.311510,3.762010,4.101170,3.680615,3.737130,3.870195,3.371905,3.319245,3.322645,1.971985,3.415830,2.000680,3.349740,3.896540,3.900275,3.401425,3.345340,3.856435,3.235925,3.371695,3.538650,2.218750,3.589660,2.239385,3.556430,3.831275,3.963290,3.551115,3.422400,3.916065
19200000,5.446857,5.275027,10.412480,6.764187,10.168283,6.532313,4.825537,10.744450,10.816813,10.509717,10.561337,10.551450,2.050393,1.977757,2.628260,2.144243,2.681387,2.116223,2.163367,3.033237,3.161587,3.124253,3.136777,3.135503,2.142873,1.728277,2.072387,1.880457,2.090257,1.982770,1.957383,2.588683,2.707437,2.323043,2.131520,2.614447,2.113517,1.821000,2.086897,2.023443,2.040090,2.152587,2.277117,2.414950,2.653893,2.334100,2.051827,2.445110,2.235500,2.052220,2.014703,1.970503,2.040073,2.059883,2.129820,2.467313,2.565917,2.434883,2.295777,2.676030
25600000,5.967137,6.694730,11.092498,7.664935,11.064550,7.682610,5.663107,11.263810,11.375305,11.163625,11.262095,11.288315,2.651195,2.614960,3.313990,2.833510,3.358143,2.904495,2.615640,3.396450,3.543302,3.319053,3.380978,3.513278,2.582677,2.512015,2.835895,2.519427,2.878650,2.636487,2.492478,3.021410,3.131182,2.861130,2.925257,3.090642,2.684350,2.659460,2.796762,2.696732,2.804797,2.674467,2.520742,2.977677,2.954483,2.850115,2.812467,3.002530,2.826913,2.646105,2.710900,2.685528,2.818165,2.697385,2.650228,3.015450,2.979658,2.851830,2.770478,3.032332
32000000,6.765432,7.048818,11.174312,7.771074,11.532282,7.640418,5.686078,11.321150,11.325522,11.187908,11.221866,11.330852,2.693332,2.610450,3.248750,2.896986,3.276114,2.834264,2.752986,2.833730,2.969990,3.430686,3.295916,3.005724,2.647448,2.515236,2.813688,2.542732,2.842134,2.616656,2.483700,2.477722,2.529732,2.993946,2.892242,2.543804,2.762794,2.592222,2.744518,2.645780,2.767774,2.641276,2.521924,2.437212,2.456730,2.917700,2.804796,2.472354,2.855092,2.692182,2.750700,2.734038,2.778532,2.750392,2.703556,2.464750,2.456190,2.942070,2.812082,2.483618
38400000,5.689690,6.322505,10.600375,7.206465,10.516780,7.015147,5.232458,10.763108,10.660645,10.575048,10.562457,10.605003,2.133148,2.058298,2.758928,2.329158,2.791505,2.313773,2.027227,2.842015,2.911665,2.831017,2.807528,2.864205,2.057903,1.904863,2.267482,2.051467,2.293873,2.084355,1.988148,2.342617,2.442868,2.400818,2.296622,2.336460,2.197840,2.039105,2.183928,2.110668,2.252735,2.113535,2.152237,2.306655,2.384190,2.377317,2.247308,2.315372,2.312165,2.185040,2.196943,2.159978,2.221225,2.107713,2.070592,2.291462,2.386718,2.402638,2.231323,2.312395
44800000,6.053603,6.986227,10.697476,7.444911,10.752379,7.335066,5.477710,10.858003,10.952061,10.777051,10.788451,10.909017,2.322161,2.302591,2.914561,2.531533,3.001806,2.510903,2.287651,2.966156,3.120799,2.961169,3.035813,3.116840,2.235756,2.170919,2.502090,2.316177,2.556109,2.335110,2.161006,2.520623,2.658977,2.587729,2.553779,2.589981,2.345426,2.256963,2.432206,2.358537,2.467590,2.346119,2.285667,2.456137,2.583270,2.570801,2.472123,2.538873,2.498579,2.497100,2.444333,2.421947,2.479390,2.422273,2.377259,2.523406,2.597961,2.500851,2.494299,2.543290
51200000,7.558351,7.556324,11.181465,8.038264,11.143114,8.082154,5.817493,11.202111,11.230348,11.214020,11.187749,11.333690,2.615763,2.588547,3.295915,2.877673,3.296587,2.862111,2.610779,3.291251,3.430025,3.288489,3.363514,3.418192,2.482854,2.472510,2.813459,2.623361,2.889102,2.635545,2.448775,2.850184,2.927248,2.884414,2.875742,2.920714,2.607940,2.587224,2.756483,2.658844,2.776533,2.662748,2.602444,2.796691,2.834118,2.790296,2.774985,2.847014,2.724429,2.691358,2.742571,2.729511,2.807990,2.722682,2.690155,2.840295,2.891725,2.805010,2.791292,2.882413
57600000,6.498446,7.323801,10.955476,8.099393,11.047399,8.003612,5.714600,11.084201,11.124116,11.021247,11.039424,11.183483,2.526219,2.492293,3.142351,2.748773,3.237453,2.768976,2.533418,3.192569,3.331244,3.208464,3.268340,3.312899,2.532076,2.383870,2.718258,2.570929,2.772528,2.546301,2.399553,2.726148,2.847416,2.737193,2.785933,2.780663,2.488878,2.497006,2.663739,2.570784,2.709408,2.567271,2.488834,2.702120,2.735561,2.696999,2.700596,2.742658,2.640922,2.594188,2.650202,2.647867,2.705643,2.641207,2.598190,2.734880,2.789228,2.718056,2.703707,2.760259
64000000,7.162418,7.296857,10.897346,8.251259,10.995034,8.266857,5.674924,11.020268,11.091805,10.989187,10.983581,11.053697,2.450163,2.461435,3.121175,2.738138,3.239811,2.726461,2.510158,3.182337,3.292465,3.213801,3.228454,3.246130,2.388733,2.340424,2.673849,2.493102,2.760425,2.478671,2.328459,2.425032,2.469908,2.752083,2.820750,2.456478,2.530902,2.454433,2.631364,2.531475,2.657147,2.536788,2.480108,2.340755,2.408604,2.727018,2.651034,2.422372,2.623608,2.553810,2.599758,2.591151,2.626844,2.628036,2.587887,2.402358,2.428208,2.701861,2.661237,2.404731
128000000,7.229654,7.338743,10.438022,8.015810,10.826847,8.562389,5.491612,10.799757,10.781223,10.734167,10.782099,10.784948,2.261162,2.274656,2.914974,2.536844,2.971211,2.513204,2.273526,2.942217,3.046079,2.919742,3.002747,3.045552,2.143315,2.116863,2.466985,2.275069,2.520370,2.274023,2.126596,2.486573,2.576072,2.478174,2.546895,2.551542,2.244241,2.230846,2.410871,2.333055,2.438392,2.328409,2.253626,2.443434,2.493181,2.413127,2.445080,2.487910,2.375682,2.341023,2.428613,2.413562,2.455656,2.385236,2.352931,2.480192,2.510710,2.445053,2.448094,2.501457
192000000,7.554543,7.283008,10.313688,7.895973,10.480917,8.121880,5.409631,10.709781,10.703290,10.648797,10.698302,10.733425,2.067737,2.074462,2.850640,2.441865,2.948886,2.435598,2.190539,2.856673,2.959447,2.834628,2.929716,2.967166,2.069272,2.058151,2.388550,2.209177,2.451209,2.196611,2.073907,2.418399,2.477025,2.395098,2.446486,2.492789,2.178701,2.162835,2.313681,2.232593,2.345085,2.230114,2.162660,2.337344,2.370195,2.319097,2.355397,2.370570,2.258714,2.262146,2.338071,2.290511,2.400857,2.293141,2.254059,2.348200,2.382320,2.342980,2.368755,2.392961
256000000,7.077044,7.285986,10.163029,7.699814,10.504229,8.238897,5.369851,10.626727,10.651385,10.591473,10.649148,10.651822,2.065696,2.148960,2.810825,2.420400,2.889483,2.408401,2.159254,2.826271,2.919459,2.812807,2.901547,2.910339,2.038662,2.025889,2.379075,2.173401,2.421532,2.174031,2.049046,2.381152,2.437567,2.369274,2.433295,2.442570,2.153859,2.132976,2.302241,2.204404,2.333274,2.218135,2.144528,2.313700,2.366132,2.305741,2.346967,2.352158,2.252642,2.235635,2.318101,2.301094,2.379958,2.279724,2.249895,2.373216,2.362418,2.323116,2.370327,2.358019
320000000,6.999242,7.495369,11.714095,9.389158,11.880439,9.608373,6.875096,12.164470,12.105807,12.064375,12.258932,12.099911,2.279557,2.344727,2.790163,2.422779,2.943578,2.409917,2.139768,2.814936,2.887770,2.792088,2.871786,2.902591,1.933670,1.962234,2.352223,2.157003,2.433037,2.146315,2.030952,2.366903,2.410883,2.349571,2.400678,2.415082,2.134152,2.126415,2.289086,2.193617,2.321756,2.193465,2.125921,2.295364,2.331267,2.283767,2.315239,2.335928,2.230353,2.221712,2.302331,2.255542,2.315680,2.260259,2.222154,2.308628,2.338017,2.307457,2.319528,2.337304
384000000,7.023271,7.559023,11.728637,9.299945,11.959689,9.702301,6.848510,12.182070,12.132847,12.089365,12.278853,12.138845,2.328927,2.438832,2.823961,2.485627,2.912606,2.496134,2.182863,2.839472,2.939074,2.839399,2.929253,2.931575,2.006644,2.016753,2.385536,2.180548,2.443888,2.240782,2.055021,2.400834,2.451205,2.394226,2.448266,2.452534,2.174590,2.165445,2.326653,2.236548,2.363545,2.240709,2.176205,2.335715,2.374364,2.322636,2.356026,2.391427,2.266943,2.261578,2.390818,2.298885,2.360934,2.300412,2.255380,2.340418,2.363760,2.380216,2.350929,2.377754
448000000,7.057289,7.537620,11.657183,9.381560,12.110595,9.589653,6.857643,12.210917,12.084535,12.050604,12.199550,12.093267,2.350745,2.433083,2.810716,2.510271,2.890021,2.492958,2.175691,2.814089,2.928327,2.828003,2.898441,2.926535,2.003583,2.042769,2.366256,2.175610,2.421067,2.177272,2.049105,2.375975,2.475837,2.369653,2.427035,2.435465,2.146412,2.126240,2.293278,2.207683,2.334005,2.215032,2.151364,2.309171,2.347659,2.321319,2.359674,2.350836,2.247160,2.244254,2.324426,2.314894,2.343393,2.300179,2.247858,2.325855,2.351827,2.373972,2.339163,2.346316
512000000,6.971649,7.518682,11.698307,9.270823,11.918898,9.591686,6.826379,12.116777,12.077265,12.034337,12.209826,12.140478,2.409164,2.431252,2.799571,2.500636,2.882680,2.501376,2.171105,2.825372,2.895609,2.798942,2.886762,2.897082,1.986354,2.017808,2.353698,2.162073,2.406337,2.159875,2.034931,2.361809,2.414182,2.366810,2.408258,2.417533,2.137893,2.127311,2.287235,2.200492,2.319823,2.203953,2.135752,2.300779,2.335006,2.297834,2.327674,2.337046,2.237930,2.231142,2.306472,2.268815,2.329725,2.270383,2.231415,2.321135,2.334606,2.309745,2.327997,2.358274
576000000,6.938757,7.510669,11.653873,9.234257,11.885358,9.589410,6.803256,12.099325,12.070631,12.054422,12.203672,12.061914,2.362963,2.440988,2.783866,2.532760,2.912335,2.557505,2.183270,2.808863,2.907420,2.806301,2.915928,2.912506,2.010104,2.070712,2.404340,2.207856,2.426944,2.188327,2.047941,2.371109,2.425559,2.363281,2.420436,2.428224,2.137030,2.151485,2.297247,2.201330,2.327561,2.208870,2.147097,2.322323,2.336890,2.309939,2.331807,2.338686,2.249917,2.237319,2.314287,2.319192,2.337513,2.274750,2.241141,2.318378,2.342054,2.319939,2.335582,2.347420
640000000,7.025510,7.549738,11.751048,9.338417,12.000883,9.638643,6.848573,12.153204,12.099877,12.077928,12.243758,12.101816,2.419184,2.433798,2.763253,2.506175,2.894161,2.569876,2.184813,2.805938,2.899304,2.809560,2.897768,2.905231,1.975613,2.044936,2.358081,2.172480,2.412568,2.166958,2.048053,2.366131,2.428160,2.356483,2.441461,2.425854,2.112834,2.121417,2.324009,2.213954,2.326730,2.203533,2.151314,2.295706,2.353602,2.305398,2.328185,2.331757,2.240347,2.244436,2.312326,2.275854,2.343406,2.274334,2.242684,2.324793,2.348689,2.318463,2.333636,2.344384
1280000000,6.919100,7.480798,11.693458,9.241807,11.953755,9.553758,6.798479,12.080556,12.032967,11.984702,12.156785,12.029192,2.432319,2.428984,2.696422,2.457503,2.815761,2.535202,2.144758,2.778508,2.862468,2.767484,2.862869,2.861481,2.018945,2.047609,2.292143,2.167107,2.386971,2.218515,2.012246,2.326619,2.389816,2.331897,2.381692,2.386281,2.067953,2.105210,2.268067,2.183725,2.289029,2.177275,2.109012,2.268955,2.299510,2.265931,2.296800,2.296488,2.187110,2.183131,2.277553,2.236502,2.297831,2.242926,2.209034,2.283590,2.303955,2.292586,2.301228,2.306152
1920000000,6.947370,7.506767,11.709672,9.282050,11.993208,9.579354,6.799750,12.091904,12.043431,12.011542,12.178816,12.054608,2.425423,2.459865,2.718253,2.470952,2.826119,2.519257,2.161784,2.788263,2.874424,2.787912,2.879186,2.877973,2.050057,2.058328,2.322870,2.200361,2.376931,2.217848,2.031795,2.352518,2.402032,2.342968,2.407938,2.402430,2.118610,2.132739,2.280844,2.218805,2.313340,2.217373,2.125686,2.280790,2.313527,2.276656,2.313280,2.311307,2.206626,2.214105,2.294025,2.255986,2.313865,2.252039,2.223107,2.300643,2.319640,2.294630,2.314252,2.317716
2560000000,6.899853,7.452157,11.681367,9.242026,11.956429,9.560942,6.745364,12.045747,12.021564,11.973550,12.140472,12.017817,2.411691,2.456680,2.961330,2.709912,3.040535,2.759126,2.382779,3.011355,3.101419,3.016261,3.099744,3.100896,2.144421,2.162387,2.304059,2.186199,2.370561,2.211143,2.021839,2.331260,2.387976,2.331966,2.387211,2.389181,2.119822,2.129063,2.270770,2.208224,2.304938,2.217800,2.115719,2.265168,2.299654,2.267807,2.298230,2.298594,2.203860,2.224723,2.285276,2.251515,2.300200,2.241186,2.208428,2.284562,2.303610,2.294099,2.301060,2.316670
3200000000,6.916017,7.460832,11.683562,9.220287,11.974291,9.540050,6.764666,12.043157,12.018070,11.972886,12.136205,12.013017,2.421868,2.465031,2.968175,2.712395,3.058624,2.765446,2.382026,3.015915,3.104603,3.015409,3.102867,3.103014,2.157754,2.162114,2.315053,2.162225,2.356404,2.197590,2.016546,2.331292,2.389418,2.330871,2.387282,2.387617,2.129654,2.134300,2.258873,2.202641,2.289287,2.207659,2.120564,2.281642,2.307742,2.278820,2.301850,2.304063,2.202512,2.228918,2.293030,2.262610,2.314775,2.257464,2.221501,2.287919,2.306229,2.291098,2.311283,2.310106
3840000000,6.910774,7.458795,11.688924,9.274921,11.963983,9.523099,6.747429,12.056441,12.014320,11.990810,12.145694,12.015109,2.414351,2.461228,2.951313,2.693902,3.069085,2.763098,2.377246,3.016697,3.098565,3.009125,3.105437,3.102437,2.153233,2.161933,2.290225,2.173479,2.356228,2.198985,2.013021,2.324826,2.377761,2.322755,2.379757,2.377354,2.122128,2.148753,2.255550,2.203133,2.288035,2.211157,2.114978,2.265231,2.296290,2.263393,2.300129,2.301371,2.200044,2.215404,2.274296,2.249252,2.297239,2.249496,2.208790,2.282819,2.301533,2.277913,2.298761,2.300996
4480000000,6.903544,7.483105,11.670533,9.229999,11.946765,9.520233,6.724429,12.036085,11.995627,11.968551,12.128098,11.996340,2.410797,2.458140,2.960191,2.702705,3.058660,2.756265,2.370287,3.005374,3.092540,3.005974,3.092657,3.093339,2.141749,2.165345,2.405356,2.285321,2.457574,2.310658,2.123560,2.437997,2.497450,2.437808,2.493417,2.496020,2.180394,2.176143,2.240688,2.188977,2.279079,2.205886,2.109754,2.258740,2.309459,2.260223,2.290004,2.297895,2.200261,2.206902,2.268359,2.243028,2.291204,2.253012,2.202845,2.276058,2.294319,2.277535,2.294340,2.294491
5120000000,6.935534,7.485025,11.705611,9.267749,11.995096,9.564192,6.767069,12.069754,12.035902,11.989137,12.153306,12.029998,2.427106,2.472295,2.971862,2.714547,3.068309,2.777716,2.390665,3.025517,3.108957,3.026983,3.109430,3.110329,2.163707,2.187203,2.427993,2.310410,2.479890,2.332197,2.142409,2.461124,2.521249,2.462475,2.511584,2.519863,2.191433,2.192954,2.257354,2.202277,2.294871,2.220467,2.120642,2.276700,2.308748,2.277326,2.311805,2.305674,2.220308,2.221363,2.284122,2.259274,2.305896,2.268074,2.225236,2.291004,2.311911,2.293416,2.310106,2.310286
5760000000,6.877591,7.440474,11.666223,9.204348,11.937769,9.547342,6.728860,12.026936,11.988318,11.961965,12.123372,11.987658,2.401593,2.456932,2.958448,2.698739,3.047259,2.754836,2.366194,3.005706,3.086288,2.996691,3.098816,3.089550,2.147688,2.165396,2.414074,2.282547,2.461869,2.313906,2.124095,2.435871,2.491707,2.435900,2.490166,2.495185,2.173243,2.178865,2.242134,2.186282,2.270268,2.200047,2.109548,2.269232,2.291221,2.260445,2.287163,2.290621,2.199760,2.203373,2.264484,2.246612,2.282220,2.246182,2.206884,2.274118,2.293086,2.274316,2.295286,2.292534
6400000000,6.930853,7.494873,11.699629,9.253721,11.967121,9.552099,6.761437,12.060420,12.020827,11.977333,12.167176,12.021455,2.425392,2.470079,2.966190,2.717014,3.063289,2.767752,2.383203,3.019795,3.110153,3.018484,3.104025,3.105673,2.153386,2.182574,2.426973,2.305852,2.478799,2.325903,2.140214,2.450703,2.511039,2.451686,2.505379,2.511262,2.183877,2.191005,2.253833,2.202409,2.286986,2.212021,2.143073,2.272120,2.301946,2.267990,2.300304,2.303995,2.217549,2.221238,2.279402,2.261633,2.303898,2.264999,2.217577,2.300585,2.308812,2.286707,2.304756,2.307074
12800000000,6.892840,7.429226,11.664992,9.206967,11.943912,9.519778,6.714018,12.024135,11.989851,11.940350,12.122872,12.030846,2.405943,2.456679,2.961232,2.703219,3.055162,2.751223,2.363263,3.000851,3.103266,3.000899,3.094996,3.091176,2.144405,2.170004,2.417522,2.290780,2.474335,2.319884,2.126575,2.440780,2.494813,2.439449,2.494580,2.496459,2.176964,2.195320,2.305934,2.246312,2.337200,2.262078,2.167997,2.319685,2.352689,2.318610,2.351450,2.349452,2.239688,2.241273,2.266363,2.241964,2.286421,2.250463,2.205090,2.275696,2.294969,2.276504,2.293927,2.296256
19200000000,6.909357,7.473794,11.686648,9.239519,11.944256,9.552449,6.740853,12.045984,12.018128,12.082928,12.115025,12.043802,2.414228,2.458896,2.962254,2.695834,3.053052,2.749795,2.369906,3.004141,3.090962,3.002287,3.090730,3.092159,2.141799,2.167709,2.414627,2.290379,2.482246,2.315794,2.122695,2.442447,2.493813,2.439088,2.494478,2.494527,2.175739,2.188516,2.307943,2.249424,2.338939,2.268110,2.168820,2.317347,2.350904,2.325310,2.350537,2.355743,2.236412,2.243793,2.299725,2.274387,2.317997,2.280087,2.232980,2.305636,2.328011,2.304836,2.324330,2.325240
25600000000,6.911307,7.477115,11.690376,9.256407,11.945134,9.581476,6.749143,12.055818,12.145779,11.947964,12.146929,12.150191,2.570667,2.455787,2.961011,2.699093,3.055116,2.755136,2.364909,3.003650,3.089688,2.999988,3.093007,3.090836,2.134170,2.162222,2.411276,2.284039,2.470098,2.312838,2.117575,2.433154,2.489124,2.432903,2.487657,2.486417,2.172434,2.186920,2.304999,2.260802,2.336882,2.261907,2.165389,2.316037,2.346935,2.316925,2.348552,2.348307,2.235561,2.242382,2.297512,2.273844,2.318822,2.280705,2.249417,2.305588,2.323381,2.306836,2.323015,2.324148
32000000000,6.908229,7.468510,11.686737,9.242803,11.933001,9.569728,6.736425,12.041352,12.055486,11.960196,12.150598,12.008768,2.411907,2.466427,2.971082,2.709986,3.063110,2.763882,2.374806,3.009589,3.100361,3.012325,3.099929,3.100406,2.148599,2.177592,2.424080,2.299911,2.482050,2.326092,2.135340,2.447165,2.502238,2.454131,2.502550,2.501168,2.179332,2.192613,2.310260,2.253214,2.342909,2.266753,2.171938,2.322375,2.355063,2.324765,2.353422,2.353768,2.243899,2.250207,2.304361,2.279441,2.323964,2.286035,2.239756,2.309816,2.331469,2.311631,2.330391,2.331043
38400000000,6.905805,7.473420,11.692252,9.247777,11.939505,9.565285,6.740566,12.051534,12.024795,11.962353,12.226131,11.980671,2.539847,2.454566,2.957626,2.696602,3.052012,2.748912,2.363049,2.998005,3.086702,2.998642,3.088117,3.087829,2.139884,2.168350,2.419017,2.288429,2.473887,2.314163,2.122421,2.437230,2.493229,2.437627,2.493137,2.493022,2.167807,2.179851,2.298800,2.241440,2.330623,2.254835,2.159016,2.311804,2.340867,2.310908,2.341777,2.341313,2.237639,2.244957,2.303210,2.275355,2.319603,2.281887,2.234547,2.306604,2.325783,2.305669,2.324353,2.325133
44800000000,6.905398,7.475334,11.684980,9.246099,11.940905,9.579980,6.745494,12.036014,11.975540,11.940661,12.100833,11.978322,2.397230,2.452780,2.957356,2.697238,3.052004,2.752433,2.363893,2.997376,3.086529,2.997409,3.085741,3.085962,2.131420,2.160208,2.408057,2.283864,2.467431,2.308895,2.115453,2.429332,2.486221,2.428254,2.484670,2.485536,2.166757,2.181757,2.299108,2.240061,2.330938,2.255790,2.160059,2.312048,2.341788,2.310620,2.342245,2.340981,2.231314,2.240395,2.293381,2.269080,2.313117,2.276752,2.227773,2.300059,2.319691,2.299545,2.319987,2.320253
51200000000,6.915662,7.474667,11.685540,9.245853,11.929849,9.546714,6.742566,12.042803,12.020186,11.968362,12.146180,11.986981,2.396247,2.453430,2.957146,2.696187,3.053580,2.748912,2.365084,2.998879,3.087864,3.001007,3.087617,3.096663,2.137762,2.164934,2.412464,2.289236,2.475786,2.315507,2.123775,2.438902,2.494555,2.435681,2.494194,2.493904,2.170698,2.181327,2.301841,2.245086,2.335264,2.259402,2.160870,2.315430,2.345401,2.313493,2.346765,2.345638,2.235397,2.242702,2.297913,2.274235,2.317470,2.278229,2.232234,2.306867,2.324961,2.304828,2.322682,2.324892
57600000000,6.916334,7.488126,11.693180,9.250166,11.936298,9.580186,6.763832,12.057529,12.016019,11.978576,12.225223,11.985867,2.397485,2.455572,2.960584,2.699419,3.055278,2.751288,2.366414,3.001625,3.089008,3.001298,3.089573,3.093015,2.135232,2.161686,2.417925,2.287817,2.470078,2.316387,2.128735,2.435003,2.490180,2.433628,2.490387,2.491746,2.168905,2.185069,2.302520,2.243878,2.335594,2.264129,2.163633,2.314775,2.347358,2.324302,2.343885,2.347175,2.233162,2.240798,2.296229,2.271035,2.317592,2.279331,2.230255,2.303218,2.322470,2.301501,2.321757,2.323543
64000000000,6.891981,7.429568,11.670939,9.191505,11.912367,9.520822,6.711287,12.030405,11.986732,11.981863,12.141073,11.999884,2.408339,2.470103,2.966297,2.707501,3.060460,2.758312,2.373903,3.006771,3.096845,3.007046,3.095502,3.096470,2.144396,2.175076,2.420638,2.294534,2.478865,2.322931,2.134805,2.445699,2.500128,2.441424,2.498465,2.500211,2.176045,2.189841,2.313148,2.254726,2.345973,2.269075,2.167289,2.333907,2.351488,2.321623,2.355756,2.353673,2.241909,2.250056,2.303798,2.278845,2.323927,2.293485,2.238711,2.311537,2.330107,2.314486,2.329860,2.331032
128000000000,6.925396,7.466092,11.699059,9.227005,11.923338,9.522362,6.756352,12.049973,12.021203,11.984319,12.145391,11.993435,2.393501,2.453938,2.955756,2.695858,3.049966,2.746171,2.365526,2.998446,3.085295,2.992799,3.081018,3.081361,2.133228,2.163746,2.413486,2.287362,2.469734,2.313962,2.118525,2.434038,2.494471,2.433550,2.489382,2.487692,2.160656,2.176797,2.295622,2.236466,2.327388,2.251781,2.155100,2.307583,2.342679,2.307498,2.338127,2.340356,2.226593,2.234358,2.289498,2.268406,2.313015,2.274842,2.225964,2.296459,2.314642,2.299223,2.317709,2.314526
192000000000,51.793756,64.076606,31.216960,9.253531,11.934511,9.591351,75.119356,60.846580,12.012960,11.978365,12.155702,12.023623,2.407615,2.472867,2.972044,2.738876,3.069750,2.775522,2.379823,3.012781,3.099175,3.016337,3.099306,3.103095,2.147923,2.175991,2.422429,2.301218,2.481110,2.330291,2.132637,2.447542,2.501636,2.444850,2.500804,2.501920,2.242057,2.187470,2.304247,2.250910,2.339744,2.265393,2.165542,2.317592,2.347909,2.321160,2.348371,2.348791,2.233780,2.256907,2.312977,2.288152,2.331398,2.296323,2.246648,2.319654,2.338155,2.320517,2.338625,2.338893
