Elements,fixed[F],fixed[$\ell$],byte[F],byte[$\ell$],bit[F],bit[$\ell$],fixed[$12$]fixed,byte[$12$]byte,bit[$12$]bit,fixed[$12$]byte,fixed[$12$]bit,byte[$12$]bit,fixed[$14$]fixed,byte[$14$]byte,bit[$14$]bit,fixed[$14$]byte,fixed[$14$]bit,byte[$14$]bit,fixed[$16$]fixed,byte[$16$]byte,bit[$16$]bit,fixed[$16$]byte,fixed[$16$]bit,byte[$16$]bit,fixed[$18$]fixed,byte[$18$]byte,bit[$18$]bit,fixed[$18$]byte,fixed[$18$]bit,byte[$18$]bit,fixed[$20$]fixed,byte[$20$]byte,bit[$20$]bit,fixed[$20$]byte,fixed[$20$]bit,byte[$20$]bit
6400,23.916738,23.004092,27.222193,26.258149,34.060911,34.826845,24.724023,31.184797,33.030171,31.306863,32.894670,32.832945,24.627114,31.560826,36.359560,32.888534,38.760082,33.898461,24.631563,31.582215,40.815019,31.684356,33.387753,43.241925,24.954613,31.043308,34.636420,35.537920,33.544819,33.303479,24.642787,31.240311,34.529145,31.185040,32.973339,34.061226
7040,23.922490,22.948084,27.316935,25.415261,30.180429,29.868453,24.662303,31.162591,37.885410,31.434539,33.135624,38.533989,24.650174,31.173991,33.771222,32.456559,33.775602,34.754801,24.654440,31.354626,40.081446,31.155920,33.447684,33.893307,25.065627,31.321370,35.639968,31.247600,33.986256,36.601295,24.646681,31.358837,33.283145,30.921676,34.546569,33.869352
7680,23.881973,22.951369,27.240078,26.097249,28.870583,31.100551,24.953850,31.173459,37.366216,31.731860,41.741314,34.977609,24.657383,31.637039,35.335682,31.193242,38.521264,33.821207,24.623890,31.215331,36.525803,30.930270,33.697400,34.197219,24.945305,30.989723,39.187983,31.598071,42.809999,39.168265,24.633653,31.301754,33.750491,30.961928,37.747858,40.227831
8320,24.463893,24.024677,28.730848,27.635778,30.618446,30.357542,25.405479,32.975181,41.631499,32.590875,36.860128,37.516583,25.356082,28.467751,37.501997,32.944550,38.925745,34.722343,25.365014,31.294374,41.449469,33.252960,38.370818,31.598428,25.497943,33.009268,32.505451,32.840577,37.857804,32.915521,25.394195,33.651597,36.905214,32.607911,39.721114,40.219257
8960,24.515043,23.919863,28.831167,26.450149,27.718247,30.526259,25.382863,33.096493,37.949517,32.650714,43.338881,43.807848,25.345315,32.998575,34.583720,34.045406,35.045726,35.366204,25.395794,33.330046,40.173350,32.889683,37.107200,40.742082,25.445989,33.360729,38.591950,33.035256,39.498233,38.600192,25.410704,32.847161,36.959689,31.277984,34.808479,39.182485
9600,24.473284,24.017372,28.611493,26.473818,37.056569,36.066050,25.376355,35.374987,39.550078,32.568979,35.860163,34.573258,25.466870,32.730955,40.083780,32.520129,36.235378,40.053812,25.381067,33.076401,43.714389,32.897370,34.759199,35.886899,25.432307,33.331200,36.209524,32.923836,42.000310,37.218613,25.345708,33.112737,42.843010,32.543424,36.199144,35.633660
10240,24.499511,23.967814,28.449476,28.154517,35.970921,27.072892,25.720287,33.051864,39.879857,35.055681,40.819415,33.691632,25.563777,33.002868,36.137953,35.558785,38.398941,37.448741,25.606554,33.428306,42.833225,32.921419,41.711691,40.659659,25.713256,34.571121,45.089328,32.925710,41.196594,38.485163,25.567974,32.846724,36.658579,32.697817,37.135397,38.301565
10880,24.481717,23.969952,28.464189,27.132851,36.576640,32.865417,25.376516,32.773463,38.901260,32.972969,36.128519,43.504660,25.374584,32.920928,34.975638,32.594408,33.016922,37.307336,25.377544,32.983077,42.808036,33.255283,34.284700,38.091455,25.450489,33.066662,42.660737,32.847429,35.726787,34.902240,25.380917,32.814094,37.038616,37.091416,40.014998,40.777314
11520,24.466753,24.096316,28.332490,26.417189,32.575692,35.510256,25.358347,32.743499,41.063437,32.984544,41.045808,39.778719,25.349976,33.309109,35.741711,32.862649,40.129980,35.209092,25.409037,37.345369,36.216377,32.878738,34.938748,39.647274,25.489955,34.702102,40.096241,32.839034,43.329890,41.942139,25.352265,33.183683,42.301561,33.202935,38.619227,38.073925
12160,24.472972,23.924494,28.895744,26.588517,30.920482,38.297005,25.450832,33.600677,40.207393,32.868082,35.027692,40.062568,25.333372,36.485072,35.563832,32.874289,37.489087,37.622549,25.420147,32.938855,34.808497,32.994748,35.957200,40.624951,25.463817,33.106943,43.452776,32.872459,36.884215,41.806283,25.350965,35.989106,38.955667,32.599590,38.937664,39.004811
12800,24.488510,24.194529,28.375160,28.127272,29.905718,33.037333,25.425595,37.265683,37.537549,32.572905,40.401063,39.199737,25.365620,37.648184,37.994171,32.914755,35.453842,39.752345,25.377063,35.449173,34.249051,33.207920,37.896775,42.654736,25.469767,33.036310,42.360731,32.914805,43.770987,36.792356,25.398133,32.843393,37.750629,32.567381,38.337736,37.982855
13440,24.481927,23.948876,30.264509,27.027693,40.189383,39.717974,25.379136,33.046627,35.795401,32.615139,39.819134,38.450434,25.360166,32.803937,40.614615,32.821254,40.878135,40.836770,25.441480,33.308861,42.244133,32.870553,35.579535,37.796812,25.483511,33.034575,38.118537,36.246112,35.376021,41.572192,25.349772,33.137325,36.329824,32.880295,41.014190,36.324354
14080,24.749229,23.977946,28.410434,26.464751,32.538335,33.538120,25.383110,33.056597,37.998591,35.383474,37.275215,44.920020,25.486446,33.116220,39.812829,35.888858,35.190626,35.131419,25.393206,33.023604,35.705542,32.618089,35.348602,36.791233,25.485748,34.143396,34.569110,32.887457,42.632057,34.479187,25.325118,33.090421,41.907736,32.627793,36.652110,36.697766
14720,24.491061,24.044033,28.465662,26.765368,33.230026,36.461766,25.423844,33.016941,39.521534,33.371508,35.034741,38.776933,25.348278,32.753373,41.229238,34.530906,36.097128,38.532418,25.354806,35.993453,38.753155,32.896202,36.262950,37.938141,25.560760,37.792927,39.648361,34.881493,42.215523,42.684995,25.452138,32.811831,39.757449,32.581554,34.708400,40.410640
15360,24.459390,24.018223,28.496506,26.799737,36.517342,33.594613,25.394057,33.319762,35.621859,32.890433,36.017529,39.554424,25.350988,33.048870,34.284695,32.897635,41.638681,39.951433,25.403988,35.578386,36.035249,32.858798,39.533744,38.646320,25.456414,33.003966,42.251833,32.956311,44.573992,46.485472,25.333266,33.044714,43.454073,32.616432,46.857556,35.044409
16000,24.501918,23.977412,28.613981,27.416598,37.855565,31.926657,25.605008,33.044634,36.757059,32.942484,42.561567,36.839636,25.581158,32.709624,38.765134,32.607812,43.365770,35.583121,25.635952,32.701452,37.210622,33.002501,48.679786,42.833087,25.725074,33.055756,45.673271,32.658324,39.367407,37.089101,25.579489,33.129799,42.874869,32.693991,38.391246,39.471917
16640,25.182219,25.059102,30.270791,32.356070,36.712746,32.575567,25.992837,34.570449,41.332469,34.557998,41.383087,38.977599,25.939462,34.332097,43.810309,34.569300,38.681285,44.193647,25.953923,35.808508,29.663652,35.075604,45.310149,40.546737,25.941925,34.367169,46.145144,37.836771,37.865270,39.193338,25.916901,34.897336,41.546918,34.341161,30.724630,45.818824
17280,25.149666,24.947316,30.019865,32.862917,34.010480,33.620167,25.948132,34.623709,44.902293,34.235237,37.596197,36.601656,25.920464,37.808503,43.008549,34.443266,38.388222,44.001135,25.939465,35.987053,41.807882,36.712644,44.065316,36.690385,25.922016,39.799879,42.440810,34.968878,39.368959,38.036817,25.923602,34.932922,43.565499,37.120140,38.772690,43.498186
17920,25.176794,25.026228,30.576707,27.963363,32.319600,34.193523,25.946045,34.344886,40.157864,39.656704,42.743171,39.028906,25.930377,36.823598,43.471312,31.588363,37.957114,39.849992,25.939200,37.380458,41.107516,39.613473,33.906899,37.228086,25.939736,39.309644,40.478446,34.294895,40.590385,38.203567,25.935310,35.862405,37.362452,34.785116,34.696017,38.171509
18560,25.153921,25.047842,30.259799,31.627024,31.390801,32.944468,25.957828,37.741175,39.197343,34.723567,40.460635,39.906690,25.920173,34.620782,37.256870,34.605439,45.231048,32.810541,25.969154,34.936476,39.264827,34.634868,40.997217,36.811518,25.970831,34.721972,38.594335,38.192632,35.702663,40.597095,25.926708,39.312587,45.664910,38.013809,41.979724,36.720247
19200,25.155325,25.056376,29.918343,32.450429,34.682166,36.788891,25.944229,34.608928,36.142836,34.252484,36.116326,39.919846,25.952306,34.646407,39.908415,34.914140,37.200826,37.863793,25.936346,34.623070,43.849684,34.369794,37.787212,38.430110,25.970702,37.889759,40.994689,36.117972,36.736547,37.552068,25.934967,34.725559,38.993530,34.583660,40.464493,36.940432
19840,25.149408,24.958602,29.850788,28.397385,32.753841,33.178007,25.946075,37.625601,40.587463,34.803739,44.119177,39.999457,25.962919,38.749469,41.817620,36.293344,38.280657,44.479779,25.960993,36.347046,39.658541,36.369069,42.966926,40.976019,25.948467,34.369323,43.333551,36.361975,42.833105,45.265059,25.914425,34.530575,39.519379,35.149229,42.133573,39.622093
20480,25.204710,25.084812,34.385299,28.033809,35.235390,35.156673,25.962341,34.289796,42.259110,35.164064,39.513748,43.555413,25.925290,35.102652,38.051132,34.675542,41.961728,42.757517,25.932596,34.357526,41.829571,36.026329,40.043825,36.722499,25.938446,35.482015,34.892192,34.425088,41.178182,40.408799,25.997257,34.818414,32.234963,36.649146,45.574904,36.850778
21120,25.211205,24.933632,29.989575,33.220560,35.107121,36.795101,25.942995,34.426358,39.448550,34.248047,37.669281,37.426651,25.939559,34.662539,37.014448,37.455649,37.187196,44.800031,25.982638,35.316091,42.189116,34.403467,40.710607,39.504746,26.015667,35.009196,35.945979,34.358343,36.524332,35.807189,25.959913,40.215386,42.610953,34.762044,36.967108,35.927604
21760,25.182029,24.976527,29.821050,28.174099,37.468779,35.268622,25.937331,34.413935,38.611565,38.704710,44.101425,40.100289,25.918935,34.672824,44.747894,36.758688,42.437364,39.720111,25.912761,34.648536,46.943201,36.978493,42.542624,44.062298,25.956581,34.701239,38.443072,34.700872,45.864782,43.627554,25.957261,34.679530,42.211122,34.413052,44.580757,41.445963
22400,25.239784,24.990464,34.183825,28.665338,33.773119,33.343359,25.946826,34.413146,38.450634,34.482704,42.120920,41.034009,25.937634,39.170751,37.275681,34.619291,41.094518,45.715481,25.950049,34.583054,36.716170,37.975161,45.134866,42.879411,25.958597,34.854274,38.664964,33.848096,46.076981,41.542359,25.926380,37.957100,40.574890,34.373853,38.185334,39.719212
23040,25.162004,24.784695,30.950380,28.326136,37.511713,36.192926,26.012879,36.294329,44.661344,34.859524,37.897296,43.012169,26.565306,35.591492,43.561234,34.424145,43.190183,43.651834,25.994300,34.626264,50.623310,36.124569,42.481101,43.110063,25.974260,36.208156,42.378824,37.515647,37.348979,39.947157,25.918776,34.550550,39.645274,34.358903,41.236369,44.227542
23680,25.149053,25.271602,30.051702,28.801061,38.226715,35.019563,25.947361,34.749623,42.659376,34.304137,45.029648,39.835579,25.937821,34.675105,42.224471,39.267021,41.636574,39.629104,26.137700,38.514269,38.143200,34.625628,38.030706,42.936624,25.946481,34.399440,37.052768,39.108883,37.168779,44.457968,25.927516,37.945049,38.692074,34.979350,40.927620,41.739812
24320,25.198943,25.068139,30.074821,27.776524,31.230304,38.282527,26.031313,34.615153,44.516819,34.375239,43.871133,42.968354,25.994702,35.640012,44.172406,35.305450,39.891646,40.094053,26.035450,34.045486,45.619179,37.397805,41.182088,38.374928,26.109872,35.938150,41.701681,36.742230,37.414279,41.624081,25.979752,39.821805,38.059873,34.837848,39.364033,37.565779
24960,25.153156,24.897401,29.886854,28.286760,36.040848,33.889384,25.950849,34.696957,40.131395,34.567563,41.340427,41.116880,25.964663,37.166736,37.466630,34.730861,31.804327,43.071955,25.969544,38.731758,39.905553,34.747845,40.729356,45.574880,25.976372,42.433882,37.688505,34.353084,37.793435,37.374529,25.958336,35.129618,44.731557,39.937564,36.837185,36.067290
25600,25.212641,24.684947,37.024177,30.924909,34.363304,33.637133,25.905311,34.254773,44.105031,35.973534,38.779326,43.788922,25.902941,34.793993,41.373246,35.745094,42.469867,37.109020,25.903330,34.288592,42.022932,34.647075,36.121507,44.884865,25.975406,37.108265,38.371862,39.819689,36.609711,37.622100,25.905258,37.028521,41.180902,37.366550,38.918527,39.396128
26240,25.240310,24.883209,35.485043,28.039122,36.456741,32.155472,25.928613,34.973453,45.120629,34.283131,36.969166,39.917101,25.962353,34.593706,42.083181,34.746538,40.185893,36.839892,25.955191,37.276714,38.416237,34.346190,37.171785,39.263285,25.953130,35.584893,39.309333,34.657533,44.640234,36.914245,25.982233,34.543245,37.923428,34.795402,37.910559,37.046670
26880,25.172643,24.896701,30.210426,28.484449,33.522861,32.247854,25.938568,34.792724,44.930299,34.600709,35.127688,42.942272,25.934209,38.731923,38.637664,34.577114,36.917426,39.527347,25.926456,34.651216,39.513284,34.700426,42.420468,38.109723,25.978575,36.711084,44.612189,34.688997,47.846601,40.427682,25.946948,34.706861,36.994821,34.341333,41.687056,36.931182
27520,25.176850,24.952641,31.306578,28.188814,40.982688,31.356098,26.004547,34.625133,40.071324,34.847705,38.944274,41.677583,25.942543,40.597371,37.467327,34.952494,36.690789,40.908772,25.936673,34.586506,45.242035,39.130979,41.824371,41.526465,25.962341,36.733627,39.815464,34.300791,38.844710,39.418320,25.918341,35.025419,41.223298,34.392330,44.780173,36.631280
28160,25.160482,25.001317,30.196037,28.629005,40.722590,31.244184,25.967878,34.591686,47.715976,35.394268,38.165748,39.636372,25.915454,34.576874,42.845928,36.731555,38.531136,39.169767,25.958031,34.892448,46.715726,34.388997,38.960354,38.621585,25.919328,35.818169,38.563809,35.047845,39.842647,44.763746,25.955140,34.752670,42.093703,35.790937,40.185278,40.503367
28800,25.147083,24.990016,30.092626,33.221159,32.644635,39.660178,25.981612,34.671130,36.795730,39.872698,40.146941,37.206998,25.988544,34.337121,36.423406,36.520826,37.736609,40.138799,25.940433,34.632616,45.378602,34.388909,40.341956,50.474461,25.946273,36.137587,43.556490,34.364453,37.622313,43.351457,25.927437,37.633532,41.679477,34.374658,36.779812,36.944116
29440,25.291261,25.126461,30.087072,28.081143,38.403232,35.281273,25.980002,34.740757,39.853268,34.840772,43.109643,47.162560,25.944081,34.375668,47.601912,37.330694,38.443243,40.673340,25.920457,36.520724,42.180881,34.956290,45.864539,38.132949,25.916811,35.259088,39.580520,34.999681,43.166860,40.254065,25.926834,40.528857,41.574605,34.680584,39.705846,38.336415
30080,25.136139,24.955851,33.648350,30.556818,41.169547,32.884658,25.987356,34.650515,37.564671,40.137772,38.586682,52.948615,25.917562,34.968566,46.155339,41.316804,38.572978,37.891548,25.949747,34.600945,36.935832,34.379174,39.441140,40.773137,25.969268,34.999145,40.931759,39.622056,38.877324,45.102221,25.932212,34.664992,42.874069,36.480008,42.463279,37.147700
30720,25.194570,24.944610,31.465848,27.612713,35.241508,34.696785,25.935998,34.295611,38.659751,36.448800,44.850142,43.642797,25.915055,39.755990,38.514201,34.448948,48.466543,47.726142,25.945492,34.356302,46.556821,34.942044,50.568818,43.786351,25.997582,34.374474,41.088149,34.526004,40.043019,47.766724,25.920602,37.085980,44.959438,34.408362,41.772925,44.453231
31360,25.146659,24.968552,29.989774,28.765147,37.255812,34.388904,25.921566,34.378277,37.255787,34.245918,37.792391,39.445897,25.961585,34.302093,38.571647,34.413823,41.793110,39.285829,25.924695,34.595409,38.912174,37.059572,37.943638,38.398505,25.997614,35.477529,45.311302,34.551497,39.514878,37.524284,25.970164,35.314091,36.026771,34.351849,39.654147,42.070321
32000,25.137824,24.908377,30.109693,28.716350,33.155164,39.181621,25.923081,35.112739,38.608499,34.228805,39.222477,36.841209,25.944244,39.713304,41.618185,34.676268,45.885527,41.396571,25.939024,34.580717,44.441978,34.650129,42.968320,45.939135,25.943148,34.616169,44.546652,34.346278,37.267959,37.881366,25.921127,36.263354,38.823139,36.323249,43.824022,46.100232
32640,25.145269,24.977635,29.764204,29.093645,40.694306,40.307881,26.076898,36.732928,38.747378,34.277744,41.433203,40.900694,26.053854,34.614474,36.908483,35.009466,46.155420,43.281464,26.264113,34.386234,37.658184,34.584291,46.392819,40.366369,26.133369,34.675751,40.502705,35.182364,44.947916,36.969746,26.138862,34.894122,42.103440,34.326176,41.501897,46.609041
33280,25.808777,24.808552,32.633502,29.977314,39.305537,29.049643,26.622208,36.293893,38.539139,38.650085,40.764140,44.270162,26.582084,38.479223,40.190606,36.331612,38.346671,39.926859,26.641265,42.063189,44.323544,36.284350,46.208937,43.055158,26.621394,36.536532,41.919190,38.216831,44.888586,40.882292,26.617165,39.794691,39.750917,36.808756,48.476618,39.039484
33920,25.912102,24.705233,31.274502,31.284025,37.571583,34.943165,26.598546,37.081221,40.408858,38.571530,44.933811,39.762433,26.646125,38.412787,39.612434,33.364749,42.881736,42.952725,26.640022,36.330890,39.913899,39.763089,42.693627,40.790133,26.686544,39.740496,41.268139,35.121460,38.700098,47.127076,26.622551,38.765459,42.189046,37.238287,42.420554,42.171640
34560,25.892656,24.896436,31.193891,31.071381,33.710207,40.102708,26.580509,39.650236,34.606851,33.264864,37.948774,47.431936,26.590860,36.891436,40.385665,36.626307,40.453631,42.088045,26.573907,36.065087,43.883853,32.200769,44.139856,44.939816,26.616708,40.883848,40.799679,38.221623,36.697159,39.770215,26.628130,39.251324,39.618540,36.996315,43.569968,44.419791
35200,25.849541,24.921217,34.011915,32.965507,38.199701,40.208373,26.626970,37.728573,44.099866,35.901087,41.979041,36.444614,26.594826,36.288251,40.352801,38.189289,40.546472,33.263562,26.582705,36.317354,42.237287,42.445133,40.228945,45.275447,26.625814,40.460140,42.516018,38.229355,40.580949,46.634884,26.580229,37.414512,44.474596,40.354351,47.163408,47.849079
35840,25.813649,24.958124,31.496919,35.375447,36.145426,35.255059,26.595804,35.975473,38.786208,37.651245,38.590933,45.265688,26.593588,40.485587,39.604471,36.022452,42.052782,38.445254,26.575330,36.648931,39.006305,38.364489,31.800824,38.166639,26.609300,39.946773,38.860815,37.404266,38.741251,43.891660,26.598837,43.004718,43.269640,36.001804,43.349718,35.365654
36480,25.841093,24.856792,29.767835,30.183989,33.392980,33.181603,26.643168,37.380328,47.022952,37.663247,46.438223,39.951399,26.617709,34.839114,46.000839,38.438638,36.249856,47.469140,26.568248,37.097960,40.469030,36.312763,40.784254,45.637506,26.601896,42.989996,40.665621,36.677340,40.841697,47.938599,26.606429,40.724280,46.685880,40.146672,48.941207,40.505473
37120,25.904935,24.918291,31.562097,29.686580,38.230546,33.441534,26.644671,34.862451,40.344285,38.784105,40.288972,39.845913,26.616416,36.094973,47.698676,37.934333,39.434498,40.285171,26.615963,35.534738,38.619996,34.219202,41.865353,48.438207,26.619900,38.343974,44.238328,36.382511,44.585120,43.464668,26.625501,37.997848,37.034000,38.996720,46.889660,44.393233
37760,25.800273,24.819021,35.375303,32.467571,42.251807,35.933578,26.581083,36.300130,44.699621,36.233181,43.041532,41.836035,26.634145,34.566283,41.374048,37.281731,45.558608,38.430335,26.587370,37.419953,42.684414,40.666993,40.907711,38.908468,26.594251,40.525689,39.623627,36.311422,44.881096,44.789731,26.593089,36.953508,40.854064,39.905127,43.692258,42.306494
38400,25.829209,24.710673,36.027645,33.491155,33.985200,39.869345,26.582472,40.759522,43.118766,36.299931,45.072733,38.814790,26.570238,36.397478,39.803243,40.015525,43.593869,42.989014,26.628720,37.018733,46.293640,38.000805,45.557510,38.611582,26.586857,42.668014,43.885747,37.298020,42.318425,38.753604,26.565741,36.054864,43.211418,39.284404,43.160867,39.178653
39040,25.828790,24.711174,35.865359,31.906411,36.003807,35.253839,26.611744,35.975605,45.519103,36.513166,40.260973,41.919736,26.622894,36.531161,38.488802,36.887442,42.782126,41.732296,26.647872,36.859554,40.186636,36.386853,39.276043,45.722519,26.603163,39.315307,46.724293,36.355141,40.573271,45.921045,26.590894,42.885976,38.849613,40.691091,42.370616,42.869865
39680,25.861242,24.696236,31.364867,32.136784,39.890814,32.516315,26.590925,37.404832,45.825663,35.133425,45.219266,40.922847,26.626799,39.677218,40.879080,37.030116,44.452840,39.802623,26.587771,38.841841,42.981934,36.068467,45.541981,47.683826,26.631795,37.190531,44.451817,42.515218,40.859867,41.809672,26.604939,39.558554,36.835733,36.981605,44.831564,37.157523
40320,25.839997,24.771614,33.877479,30.279203,33.973131,35.552150,26.663491,37.144895,41.291491,40.709771,37.981254,43.809256,26.591945,39.341546,48.277929,36.786621,41.066954,43.672546,26.615703,40.000889,47.867188,36.017666,43.353474,45.090138,26.603125,36.113598,45.979127,38.902143,44.076094,40.955537,26.634091,37.700505,38.457633,36.326794,43.625705,42.972667
40960,25.846964,24.969877,31.566099,34.833644,35.898386,34.046624,26.628131,38.624004,42.121454,41.061158,44.504046,44.347118,26.580893,36.268633,41.623649,38.064493,42.514965,38.393388,26.570235,35.671138,39.929927,36.657732,39.105876,46.927808,26.677975,31.721950,31.029265,40.422670,48.787530,38.233401,26.677210,36.714550,47.285443,45.057170,41.990620,43.722759
41600,26.515011,25.349062,33.848756,30.096581,37.986951,38.970827,26.580626,39.134231,39.111637,36.700348,44.076644,37.892040,26.579869,36.015385,37.490667,37.200807,39.067251,39.360508,26.681747,36.751343,38.810081,41.930083,39.018112,44.985130,26.653279,35.431971,38.840550,35.940459,39.832218,38.838705,26.606748,40.804338,43.797747,37.613768,40.756038,40.204449
42240,25.839884,24.790984,31.464252,31.683138,41.370831,37.258083,26.599714,37.736171,43.009481,36.565474,39.483513,44.003583,26.837325,40.716643,40.075772,38.156014,43.772149,43.013407,26.600820,37.784225,40.028011,39.218709,41.516028,46.025247,26.587034,40.462149,40.725932,39.329226,41.504653,39.823889,26.625986,37.749917,40.209071,39.930838,40.045707,51.050760
42880,25.864132,24.716947,33.243381,30.173766,41.413112,35.233687,26.578087,37.125475,39.307839,39.771251,47.773165,46.194332,26.645129,36.032039,40.307112,36.012612,39.252449,43.222339,26.622018,41.050995,39.813529,41.753631,40.477376,38.640133,26.592144,41.932690,39.714662,41.710698,41.851125,38.387131,26.597017,42.268845,43.837539,42.505876,41.729039,44.602587
43520,25.854327,24.910567,31.274027,30.813968,35.035876,37.868229,26.677572,37.486427,44.144256,42.869332,40.202596,44.826644,26.653997,41.137568,41.068109,38.632011,42.897838,44.986739,26.598717,38.440350,42.786537,37.531270,48.069096,45.479262,26.610996,36.573006,45.417730,36.349784,40.917598,39.509588,26.585410,41.222624,47.482262,36.270910,44.579397,40.107058
44160,25.891997,24.671976,36.889988,30.763688,38.734457,37.493285,26.643268,38.400553,48.237639,38.871446,43.500422,49.672371,26.585473,40.209455,42.848418,39.093652,41.230831,41.830730,26.613205,38.075051,43.876245,37.316989,41.388896,39.751138,26.647906,40.769743,45.229045,36.344253,38.502892,41.651460,26.650617,36.975829,43.343958,44.848920,44.451897,48.618767
44800,25.830982,24.854083,33.258772,29.237585,39.743644,41.165726,26.596791,36.051963,46.295125,38.375827,41.910523,40.124113,26.620349,36.280708,40.128654,35.769711,44.458330,44.957843,26.644821,36.317169,45.342198,36.306748,38.353711,43.977799,26.610944,37.721591,45.588002,40.095208,42.917556,50.169586,26.625502,38.482303,47.376351,40.850239,45.103087,38.302695
45440,25.863573,24.726366,32.199750,29.567738,35.485447,34.386336,26.641945,39.208412,45.221535,41.955140,45.040866,41.321865,26.710648,35.435089,39.596335,36.742430,42.908945,46.145960,26.585533,35.987793,45.993564,41.565436,40.514516,38.110296,26.616194,36.410408,39.175827,35.121796,40.939189,39.554355,26.596163,38.575666,44.284039,36.365647,46.012281,49.031043
46080,25.853119,24.663481,31.519877,30.191399,35.261684,33.285465,26.595126,35.943910,42.205069,37.655017,40.161239,44.210820,26.569921,37.910726,43.894808,40.638213,49.994887,44.919039,26.556604,36.286694,45.379628,42.641574,42.878682,38.702055,26.565486,36.734242,41.413146,39.846073,41.642291,40.142059,26.579841,36.526948,47.065053,35.973599,41.547459,41.202507
46720,25.928644,24.813669,33.403272,30.290594,38.756884,39.368121,26.565299,38.205492,45.343724,37.429683,47.008188,45.274379,26.587170,36.009764,41.906547,41.530637,40.522082,46.372207,26.576573,39.008206,47.078979,36.701051,45.961524,44.328490,26.615338,36.099703,40.207721,35.960294,47.989244,45.754655,26.580940,38.210676,39.887272,42.119545,38.888222,47.629440
47360,25.785674,24.866317,31.531841,29.797945,38.227045,39.337745,26.597413,38.900637,41.788456,37.369057,45.415446,40.446348,26.542940,39.194718,44.267050,35.988818,50.815708,43.892832,26.555407,36.025667,41.328410,36.283258,45.064770,44.228268,26.622972,36.316868,42.461870,37.973543,42.337392,45.146012,26.564038,38.968863,38.146645,36.233689,42.684639,37.617856
48000,25.928707,24.955045,31.603803,32.298850,38.456270,34.896050,26.598524,37.939530,45.997259,36.540927,39.381804,42.982117,26.594186,36.342920,42.091718,36.683121,44.195975,38.331911,26.571769,36.008639,43.915411,35.770540,41.405614,38.455850,26.600557,38.521782,47.529622,43.355251,41.296372,40.994187,26.597621,36.099987,39.614824,41.436968,39.936533,39.353634
48640,25.907157,24.898912,35.950701,33.074333,36.235054,33.850579,26.562299,40.959645,41.148485,35.942318,39.540850,41.945039,26.596842,37.889695,45.934921,37.300903,39.520959,42.534515,26.563122,36.706749,40.210415,36.281065,39.422599,40.718023,26.692993,36.733542,38.432123,36.218958,38.578223,38.919593,26.566804,42.002390,44.392945,36.290592,42.700912,43.193986
49280,25.848400,24.709295,31.288590,30.351794,38.110836,29.288036,26.581756,40.493765,38.456649,38.803129,38.101350,48.232798,26.619483,36.090420,40.368511,40.592532,41.103666,44.007243,26.577128,41.443566,38.895788,39.013940,44.663819,45.416475,26.634960,39.517999,40.667005,36.296583,40.397639,42.666385,26.592810,39.755893,44.671945,36.283215,39.375686,47.217575
49920,25.812282,24.723406,31.217853,34.080726,36.241197,37.046848,26.584832,36.266146,45.981845,40.569038,42.234675,43.748186,26.908919,36.357008,44.873051,37.057818,38.545813,41.530171,26.594936,41.217674,43.889363,36.283416,41.411222,39.719053,26.659097,40.418463,45.370305,38.770091,41.890134,41.121161,26.666910,36.053702,47.310761,38.205456,42.163452,33.876676
50560,25.829074,24.991985,35.275561,36.116276,36.222439,35.476491,26.570618,38.270993,41.222679,39.912337,39.492198,46.997127,26.568400,42.647899,38.259673,44.344045,42.829955,39.509569,26.582303,36.270763,44.199877,35.989425,43.269791,49.271820,26.681758,39.564347,49.790291,40.661729,40.983556,43.114520,26.583796,37.871223,39.073121,36.835253,40.416964,45.856408
51200,25.888348,24.706592,33.771818,30.684943,41.455966,34.469784,26.581158,37.427102,41.065241,36.250524,48.038767,42.259572,26.677723,41.812889,40.355659,38.882646,40.890797,39.294017,26.680915,36.346551,46.089412,39.253922,39.788284,42.083049,26.630487,37.122326,47.121038,37.249045,43.050114,46.288283,26.612987,36.647700,38.255505,38.903666,39.408910,31.269890
51840,25.797308,25.026449,31.225647,30.812853,40.259736,32.354912,26.578161,37.443532,40.009005,39.015785,44.524074,40.130144,26.581842,39.799265,39.329350,39.070250,44.123604,46.515135,26.619535,36.404309,40.538744,37.501874,43.742273,38.815107,26.611030,38.171593,43.820884,40.739966,42.965919,45.613477,26.602267,37.203498,41.789220,36.862226,47.776980,42.911590
52480,25.830638,24.815309,31.552079,33.148227,38.085867,35.780140,27.021482,36.066187,38.664992,38.287548,38.977960,43.638247,26.596381,37.201964,45.966286,36.652246,41.040100,44.768301,26.565242,36.728180,50.866700,37.856456,43.588233,44.568288,26.597112,36.325651,38.479910,41.051065,49.454918,41.928914,26.593652,39.476500,41.366430,41.683609,43.450882,45.754632
53120,25.898638,24.988036,31.435339,29.504167,41.766503,32.591521,26.570418,37.421563,45.469381,35.897931,40.114667,40.544886,26.647774,37.680213,41.687997,37.895245,42.556208,39.992871,26.583883,36.288661,43.006148,39.906391,44.628376,41.041513,26.597845,42.423787,42.137539,36.633963,48.259529,45.817228,26.595446,38.818410,45.136813,36.717713,38.924476,44.317573
53760,25.872721,24.827644,31.433058,29.812676,36.567704,39.725017,26.590882,40.792966,38.072918,41.590177,39.916540,48.326617,26.665198,38.151199,43.494720,36.379871,40.315914,44.731679,26.613015,40.833514,40.996938,37.507340,47.477630,40.741937,26.693633,38.726706,39.487436,36.961895,40.813772,39.471466,26.622590,36.129905,49.082224,37.232537,39.200554,45.280453
54400,25.816622,24.708378,31.434179,30.947521,36.503730,36.506913,26.572040,39.070186,41.076852,40.752446,40.493843,39.234094,26.592128,41.183967,41.385763,39.652012,43.931946,39.205045,26.577453,36.287798,46.062498,37.363084,38.746230,43.516225,26.654232,41.647413,39.518212,38.443873,39.029997,44.195461,26.570047,40.291555,46.070141,37.465577,41.605020,42.548205
55040,25.832707,24.817749,32.200881,31.397240,41.183115,33.634008,26.567876,43.256192,39.317656,37.550622,44.454145,39.880935,26.655298,38.499836,40.382825,38.362084,47.159346,39.373600,26.614206,36.012632,40.519665,37.110453,44.143798,39.953531,27.312348,37.558233,42.474049,36.267517,47.280160,45.027834,26.591974,37.225608,41.368698,36.316688,39.127777,38.503684
55680,25.836023,24.812888,35.309498,30.244052,42.039292,33.363642,26.586206,36.047506,46.211151,38.895358,40.910503,39.303926,26.631656,40.088338,46.028048,38.028528,44.018340,40.059495,26.591318,36.303145,43.588158,37.770233,40.125751,39.712201,26.616646,37.124816,45.836492,38.570602,43.257779,39.059454,26.614427,41.406981,40.596865,36.263056,39.544930,49.837492
56320,25.793212,24.930956,35.070614,30.483714,41.817738,44.878715,26.562753,36.617475,44.318884,39.477969,41.935803,46.676972,26.566084,36.573530,44.617056,39.528511,41.152003,38.384055,26.543022,35.987228,41.757868,37.723422,41.038365,40.069122,26.575664,38.559032,45.026110,39.203886,38.232920,39.369958,26.557133,42.044227,41.788827,36.377682,40.027871,38.860439
56960,25.830157,24.721667,31.549608,29.893003,41.959511,37.427983,26.587058,36.315094,38.553709,43.811195,48.093942,39.895681,26.660800,38.753406,38.910789,36.306414,39.260418,48.187162,26.602302,36.342173,43.109709,36.240042,46.527481,41.085854,26.607702,36.151829,51.836561,36.283991,45.093546,47.536426,26.606611,40.260099,48.633356,36.327678,40.891255,49.078183
57600,25.823366,24.819380,31.529440,30.568098,37.975488,33.616848,26.568093,40.514098,38.964915,36.267468,44.558143,50.242662,26.607007,37.320172,39.506432,36.010784,41.412319,42.437927,26.586309,36.223959,49.812335,36.209905,40.315631,42.482598,26.568772,39.330990,44.550536,36.357579,44.269509,43.555212,26.571430,38.221340,44.447988,36.232166,42.904490,39.151420
58240,25.835549,24.695536,34.121849,34.919609,45.012811,35.241974,26.760059,35.963383,44.313581,39.307822,46.823133,42.303672,26.586365,41.774992,40.431406,42.565716,39.321377,38.044444,26.582673,37.207690,41.676165,36.249337,38.331076,46.271286,26.609668,37.159837,43.521658,38.576684,46.159578,42.471892,26.630353,36.942333,38.258619,39.109935,41.948492,39.805049
58880,25.824002,24.795780,31.888633,31.396989,35.389835,37.276506,26.611906,38.303000,46.698221,36.212298,47.475815,40.512774,26.579318,38.010560,45.340879,37.445517,41.938145,43.730918,26.599443,42.239879,42.351822,42.855645,49.051491,49.771476,26.615148,36.336807,41.442904,36.045443,38.813035,41.946595,26.593283,36.916905,45.042706,36.646432,47.462349,39.953911
59520,25.818416,24.695726,33.375868,31.236351,42.176533,39.469123,26.588926,36.062312,42.793384,36.646968,40.603918,40.103775,26.597211,43.086863,45.828445,36.663285,42.302913,45.944628,26.598613,39.331750,42.208323,37.202604,41.497544,40.281005,26.649838,39.052869,42.793368,41.288935,39.780726,43.013960,26.634721,38.512156,40.837108,39.306582,45.857837,45.029113
60160,25.838141,24.718450,35.467252,32.869729,38.650952,33.970739,26.591835,38.173416,39.303240,37.190250,42.966863,47.344528,26.618082,46.408520,44.778121,37.746483,41.950790,42.643659,26.642701,36.173547,39.388278,42.102375,43.677895,43.276273,26.586542,43.262708,43.627741,36.975969,48.164242,39.933877,26.594755,44.925752,38.726008,38.111321,40.530221,41.406801
60800,25.828554,24.691082,34.288319,34.872013,39.867201,35.397813,26.656715,37.256331,41.348566,36.187545,46.351363,48.509217,26.590458,36.063719,39.427627,37.118477,41.355259,49.664866,26.571571,37.471288,44.424241,40.295641,39.912821,45.223933,26.637203,42.182158,47.915004,35.967772,43.570412,38.297855,26.585357,36.540911,39.342382,39.616224,42.596018,40.412015
61440,25.882165,24.950089,36.702538,30.735777,35.370241,37.551856,26.610311,36.325527,43.639864,38.304495,41.129839,44.488073,26.618446,42.364770,42.137511,37.009063,38.979043,42.078949,26.640202,38.818960,39.500455,38.868809,43.713062,42.135713,26.597570,36.425462,39.198079,37.524139,43.767899,38.711110,26.583868,37.524566,41.130636,37.752928,38.260547,44.214916
62080,25.911578,24.727420,31.936417,32.157980,43.164036,37.013111,26.649570,38.761411,45.109428,35.929481,45.616707,47.907133,26.596330,36.662707,42.722997,37.955199,45.617326,39.207920,26.673559,37.930652,41.343101,36.678180,40.057356,40.467517,26.604217,41.620633,44.728018,43.656163,43.716682,40.250437,26.631910,42.052339,52.735646,36.379436,42.498952,44.769169
62720,25.879912,24.841971,31.333958,31.558420,39.324180,36.066461,26.582762,40.984049,48.172655,39.054649,39.795276,42.420737,26.618787,42.433748,47.977458,36.679103,40.219220,48.509356,26.584605,41.104758,43.054280,38.578187,39.406714,43.434841,26.606567,37.476360,40.618402,37.503243,40.552837,50.478332,26.652447,36.177321,45.565537,38.940847,41.494129,39.381743
63360,25.808792,24.704648,31.273182,33.002092,39.023247,36.975214,26.571697,38.258921,39.302357,41.600819,40.455137,44.178221,26.638958,41.329315,50.491103,36.919521,38.561811,46.472598,26.591921,41.441056,42.210578,36.854726,41.298219,40.493938,26.617653,40.637015,38.851633,41.773051,38.759496,41.260737,26.608954,36.086965,46.093572,42.763174,42.584347,44.432965
64000,25.801744,24.835623,31.212186,31.082257,36.780129,34.937650,26.597167,36.039062,42.245806,36.502106,45.252924,47.007594,26.630067,36.307789,41.494621,39.042341,48.207686,47.035211,26.587747,39.683370,44.543408,36.064842,48.739128,40.440594,26.616905,43.634482,39.481656,37.560482,39.403686,41.963715,26.582067,42.927776,39.135263,38.185274,46.777707,47.076153
76800,26.481448,25.245511,34.476198,32.309629,39.627033,41.681249,27.254587,37.748092,42.258533,38.563142,42.390601,46.957665,27.309190,44.418030,44.926236,42.237150,41.351166,47.933664,27.221882,41.292466,44.774908,45.785906,45.706533,40.515312,27.383512,38.118880,38.720727,38.078576,38.483884,46.988501,27.338677,38.511894,44.544760,38.910866,54.767015,40.652614
89600,26.497080,25.363412,34.254980,34.275842,40.446617,34.835393,27.213616,42.137727,50.247962,41.252741,48.723256,45.856442,27.261246,37.799181,47.377400,39.817485,42.422560,44.631496,27.199863,39.890739,47.949374,38.469502,45.492235,42.073631,27.396841,37.903911,46.989366,38.849472,39.463324,40.250038,27.358591,38.591909,50.267401,41.902011,42.578964,41.277233
102400,26.496052,25.229433,32.976473,31.925902,36.142031,34.579684,27.204874,38.454739,47.045632,38.271197,47.982552,45.498099,27.375898,39.162628,39.421823,38.025950,45.927440,48.631441,27.207516,40.201278,49.652817,44.164334,47.740578,47.057552,27.386725,40.053653,49.444862,39.375732,47.915566,41.810466,27.702365,41.618861,51.033692,38.444122,40.950952,48.746799
115200,26.763271,25.539847,37.312466,31.619110,36.011080,35.027647,27.559624,41.175138,41.438710,38.340577,48.260972,40.563297,27.497920,39.560804,45.494707,38.562264,41.398441,45.391269,27.241644,39.008598,43.115715,38.092651,47.361712,41.712388,27.439536,40.023732,43.104274,38.060616,51.245016,45.558420,27.329564,42.251035,45.296902,38.192064,47.727386,44.319612
128000,26.553013,25.281424,35.433461,32.022089,38.629811,34.917091,27.200970,37.798947,42.432411,39.944968,47.618921,41.413968,27.297536,38.432860,50.291863,38.565157,48.450108,52.403150,27.224001,38.518000,45.356918,38.574102,40.500374,46.129650,27.404087,38.890039,44.398269,38.066741,41.997893,40.292249,27.338228,39.999048,44.474398,38.861789,42.271051,43.871188
140800,27.284166,25.747348,37.833148,32.759532,37.630924,38.802340,27.999614,40.911626,49.459805,40.731454,53.090993,46.777936,28.097959,39.625671,46.562199,39.755456,39.750241,43.401360,27.997642,41.972192,43.488518,39.676710,46.571998,47.801201,28.194728,39.970622,46.101366,39.713071,46.309787,44.406131,28.204309,41.873282,45.100634,41.445076,46.082834,46.634564
153600,27.274708,25.782894,36.551338,34.165283,40.323214,41.629520,28.056523,40.739767,43.075912,41.540473,46.753326,41.432641,28.130009,41.155800,44.640648,41.382967,45.334748,42.621948,28.090438,40.814822,36.313775,40.183805,42.599128,48.746758,28.174245,39.994876,42.089028,41.607759,40.587274,44.895894,28.173647,40.566516,47.626586,40.436913,40.626563,44.225838
166400,27.253304,25.794737,34.568254,32.873476,48.777374,38.760547,28.008291,40.926509,49.718839,39.825018,43.650474,45.969011,28.111190,40.742448,45.823788,41.923272,50.063061,43.721581,28.027494,41.725298,49.763448,41.817171,42.024885,44.962460,28.236075,41.687696,45.778658,40.553745,43.307997,47.583517,28.162568,42.358515,51.571063,40.877037,47.617808,45.516784
179200,27.340530,25.772082,35.688090,31.705795,39.520831,44.205580,28.004057,39.926473,42.495950,39.839425,52.936769,42.792646,28.306163,40.224700,43.995192,39.776217,49.737702,48.792864,28.037772,40.193931,45.742260,41.674960,44.053274,49.960057,28.273428,40.219905,49.514103,40.788855,47.214840,46.669994,28.163614,40.461087,42.769985,40.575449,43.583827,45.785943
192000,27.270220,25.821083,34.865090,32.136678,39.989065,42.637333,28.127078,40.862384,46.559292,40.752107,48.990995,54.208785,28.099556,42.957730,48.248975,41.287240,47.531022,49.849395,28.031258,41.438028,47.799522,41.908976,44.948053,57.349294,28.248965,42.927439,52.069466,43.032143,45.708076,52.677841,28.179751,42.792735,46.372344,40.538474,45.937995,44.681230
204800,27.314206,25.776634,34.761260,32.107816,45.590375,36.677830,28.102281,39.738098,43.161070,40.523225,47.653768,44.033191,28.104972,39.651714,38.234526,42.204927,51.212003,49.614601,28.101537,40.405172,44.836626,40.009553,41.857981,53.347648,28.221174,41.270208,54.907140,40.439503,47.009772,42.406297,28.149022,40.037921,49.126769,40.248312,47.015569,48.094377
217600,27.279279,25.837926,34.354267,32.248799,42.183810,39.648300,28.057037,39.634660,45.260959,41.142450,48.546877,50.374517,28.142936,40.980371,47.063051,39.573628,44.280541,48.264786,28.128979,42.219492,45.623582,41.035673,45.493134,43.597276,28.250478,41.750696,49.123158,39.490858,51.367227,43.747605,28.189417,42.438617,45.322406,39.523968,53.633589,43.758220
230400,27.311157,25.768891,34.174815,32.232478,43.504757,38.695508,28.053142,40.678285,46.561631,39.523748,43.582313,44.602957,28.258381,41.475887,42.964829,40.893229,43.472335,48.701701,28.133826,40.014872,44.251323,39.772791,42.428802,42.424283,28.170803,40.298654,45.214035,39.848769,54.698379,54.998825,28.174979,41.325088,44.428655,40.295653,44.267837,43.118341
243200,27.273606,25.789825,35.043830,31.524067,40.056028,38.856640,28.084141,40.743772,46.898390,40.312798,50.068845,44.393768,28.238743,40.583213,44.010457,39.798901,44.585737,50.275366,28.021822,41.854526,46.849589,40.813234,42.953615,47.553645,28.256001,40.381790,42.720449,41.053169,43.530239,46.760586,28.203478,40.091461,44.320392,40.215170,43.221746,50.266288
256000,27.290708,25.903499,34.504232,33.647936,45.564671,45.186264,28.629797,40.967392,45.559483,41.335990,45.323959,45.572236,28.534697,40.869057,49.056900,39.599222,43.102293,43.977165,28.549315,39.986701,50.678721,40.519823,52.422057,50.597783,28.540650,41.150987,45.071240,40.600038,53.846081,45.767615,28.562263,41.465942,44.273272,40.793738,50.361949,48.180432
268800,28.203594,26.431309,37.130828,34.602335,40.674299,41.127858,31.206141,44.383719,56.876639,42.665203,45.138188,48.466375,29.098903,42.241465,44.769979,41.848548,44.564784,56.461616,28.942388,41.556269,44.165422,42.197432,45.818536,50.885424,29.097576,41.566219,45.562446,41.649639,52.000890,51.958277,29.089413,42.510873,49.747021,42.936832,49.101538,51.919197
281600,28.111647,26.429055,36.146554,34.746788,40.006039,35.264883,31.129946,44.345523,49.236290,43.382934,55.724591,49.918379,29.025442,41.903850,39.781556,41.589135,38.669803,47.913483,28.962301,42.684523,45.967787,41.833323,42.435094,44.802603,29.091859,41.612995,49.005413,41.819967,40.003596,44.365525,29.084401,42.159686,44.199972,43.468390,49.242405,41.141392
294400,28.128368,26.439590,35.521442,34.980302,45.044600,42.619381,31.078694,44.132221,50.612502,42.781597,48.645186,50.898638,29.040397,41.921881,54.568158,42.505294,49.145578,44.897070,28.994605,41.528140,45.009253,41.829629,52.564697,50.824994,29.088453,41.948627,52.593692,41.509764,52.536623,54.832218,29.076261,42.918537,55.966081,41.364140,54.410681,55.217259
307200,28.124771,26.421618,36.341953,33.327705,41.739144,38.442334,31.106881,45.171026,55.424651,42.817828,50.584590,48.867169,29.046902,42.455186,46.062328,41.248744,45.945363,46.108023,28.951067,41.764342,47.954131,43.579608,50.754243,43.695719,29.133984,41.544649,56.123565,42.478792,47.697661,48.333489,29.084328,41.787558,54.568360,42.985294,45.505845,44.460543
320000,28.200706,26.413031,36.838409,33.172591,40.932034,49.025448,31.136807,45.415865,43.927762,43.958549,47.759749,50.732889,29.053819,43.129019,52.355340,41.849271,44.011246,53.066085,28.937168,41.333542,55.800534,41.922158,52.949967,51.026066,29.143761,42.217006,44.723706,41.531356,52.790729,49.646897,29.123511,42.034150,46.650945,42.483757,52.338330,54.260975
332800,28.130408,26.422636,36.252215,33.123811,39.521124,47.626457,31.299437,44.211477,46.112647,43.180465,51.499107,47.697233,29.116248,42.348743,39.708124,42.696713,45.911196,36.256527,28.958824,41.516453,53.423340,41.512399,52.691623,47.749124,29.097247,41.351556,39.663132,41.232133,48.316370,51.767995,29.128628,43.048558,45.871518,42.085171,54.167658,51.043491
345600,28.148087,26.492246,36.667948,34.827819,41.918071,39.565914,31.229374,44.295212,50.743024,43.057230,50.472340,51.086010,29.088017,41.925802,46.390177,42.881643,45.993371,45.278841,29.008971,43.339431,45.425120,41.371784,47.859891,44.088861,29.132191,42.114118,45.291260,41.363944,48.569805,45.579935,29.115892,42.398360,51.429849,42.426105,48.299890,44.968295
358400,28.165505,26.505568,36.163440,33.267449,40.996856,39.525207,31.390567,44.713452,48.179207,43.989017,48.048402,48.889045,29.104193,42.480605,44.044485,42.053244,48.088537,45.162692,29.035107,41.583870,45.204327,42.799224,44.467714,50.898924,29.122850,42.294218,44.207386,42.101119,46.360474,45.062000,29.117205,42.511549,45.030556,42.189927,45.231812,44.784584
371200,28.146494,26.536297,35.534353,33.705060,46.148373,40.149517,31.201090,45.848219,47.747812,43.969962,46.327579,47.686667,29.050541,41.562890,50.846592,41.605069,48.384435,45.362089,28.972902,42.068601,50.688623,41.990779,49.262752,49.111833,29.109338,42.560643,46.633583,42.929295,47.321160,48.559838,29.085008,41.848495,50.028985,42.685059,45.205275,48.014162
384000,28.128369,26.427163,36.589084,33.105281,54.093242,48.771554,31.202158,43.980900,60.638566,43.048483,50.437691,52.535326,29.029036,41.712985,45.606491,42.258063,52.582753,59.343291,28.957945,42.108776,53.304514,42.368329,59.803638,46.345079,29.113320,42.768596,56.462431,42.340785,45.341004,54.331674,29.105331,43.023872,44.426864,42.449168,53.083231,56.714304
396800,28.122254,26.447279,35.848017,32.297862,52.582055,45.681219,31.260639,44.533226,60.800688,42.663387,50.445032,51.441580,29.057983,42.346622,49.804173,42.406202,58.067644,55.416599,28.956986,41.682006,56.947462,42.694755,53.889085,51.202872,29.095326,42.018061,52.168376,42.291618,60.622865,60.540946,29.120927,41.808525,52.289089,42.455806,49.498528,45.752412
409600,28.160963,26.427601,36.757448,33.233964,42.716173,42.662224,31.081728,45.484827,54.398095,44.316612,55.237487,48.060979,29.043553,41.606731,43.837488,42.689516,44.264848,45.811003,29.012719,41.235551,45.293347,42.979741,47.183505,48.399656,29.157869,42.398816,44.919432,42.266273,44.004813,46.119852,29.095024,41.671514,46.138852,42.176389,46.110605,45.095670
422400,28.166032,26.469187,36.585623,33.018702,39.585912,39.843441,31.366447,45.172011,57.992321,43.966446,46.187758,49.134053,29.038392,41.728700,59.290419,41.803634,44.692880,44.642770,28.981947,42.205389,54.202053,41.593498,53.938569,46.901215,29.165369,41.321794,53.319802,42.142437,48.574012,51.111027,29.081242,42.728831,50.646314,42.016525,58.581242,58.402791
435200,28.159540,26.480349,35.678213,32.396304,41.240172,39.243156,31.072540,45.192244,54.066933,42.920086,52.749660,46.903392,29.022614,42.196131,47.591922,41.560301,45.290294,54.447706,28.970858,41.693739,48.386861,41.651551,61.733786,49.161215,29.184549,42.505067,49.968766,42.340086,52.383844,56.933754,29.109519,42.054460,56.689173,42.101902,56.917645,63.763145
448000,28.222547,26.398545,36.386013,33.930025,46.377184,38.108791,31.077828,43.959278,47.107261,44.079729,45.480125,49.567933,29.053414,41.592823,49.181261,42.416151,48.402817,46.916899,28.949045,42.953873,47.901455,41.590547,51.599746,44.414518,29.125000,42.700307,47.292499,42.451097,47.306045,46.985024,29.098528,42.339469,46.014344,42.087365,46.920134,46.123866
460800,28.111214,26.434419,35.766997,33.585867,41.824317,50.181472,31.113627,45.305101,48.780631,47.474765,47.358771,50.091737,29.067536,41.215785,47.650627,41.286084,51.797008,49.227135,28.984362,42.413391,54.645765,42.306522,45.846672,44.539753,29.090718,41.358756,49.542698,42.318322,44.951898,44.784537,29.135104,42.466445,44.216713,41.591893,57.022149,44.621693
473600,28.159881,26.463979,36.074779,34.513309,39.081807,38.807682,31.146311,45.301130,51.756900,43.565384,45.871226,49.199707,29.009520,41.229191,44.824357,42.620073,44.257202,47.119371,29.049517,41.783352,44.998298,42.480760,44.879554,44.211016,29.099162,42.526863,44.873015,42.881508,43.909047,46.108421,29.154613,42.326517,45.531936,42.107032,47.300435,46.784851
486400,28.153258,26.459777,35.726769,33.045756,39.908136,39.278498,31.088592,45.112452,48.014817,43.163666,53.655000,48.293336,29.071684,41.902933,49.237055,41.257734,45.526901,45.204970,28.959767,41.823748,60.354758,42.212335,53.155977,45.028720,29.112418,42.318368,45.310204,41.212869,48.571093,53.139721,29.098095,42.057104,45.476276,42.191121,45.633467,56.647269
499200,28.143664,26.370821,36.672721,33.058956,42.005875,38.533336,31.057084,44.179923,52.407157,43.352508,49.324338,47.968121,29.034930,41.450712,44.505231,41.992789,45.894824,49.785794,28.999088,42.255938,44.052189,41.810199,44.119223,45.466615,29.115463,41.706873,45.895689,41.573793,46.975486,44.785929,29.069805,42.366995,46.245220,42.644926,43.767716,44.073483
512000,28.122332,26.394144,35.584839,33.389046,43.621057,40.081574,31.097411,44.735743,48.835749,43.492924,51.984654,47.617835,29.054298,42.356984,49.090146,41.593627,46.495914,51.003840,28.964218,41.600391,44.778437,41.362249,45.175627,47.224643,29.113066,42.005501,50.777218,42.101459,47.355750,49.160781,29.095728,42.453711,45.645554,42.116245,43.646528,44.585938
524800,28.930524,27.161166,38.252387,33.957719,35.338863,36.631638,31.598814,45.223454,32.030403,43.868088,48.278385,50.606352,30.074038,43.397394,56.929475,44.949058,51.183590,40.016457,29.971868,44.411110,47.922783,44.242906,44.623233,35.853582,30.058940,44.136971,53.547800,44.510000,47.318167,46.956283,30.059267,43.880977,50.996471,43.690734,38.663193,48.153304
537600,28.915605,27.180311,37.749696,34.972737,43.212269,46.911482,31.584197,44.884039,50.934400,43.743084,50.423494,52.296588,30.016455,43.738557,54.578077,43.209264,55.563934,49.184564,29.981559,42.988582,51.993250,43.941244,56.638150,53.852540,30.060931,43.910564,48.623306,43.530737,54.290499,53.282328,30.106344,43.410508,58.668377,43.575411,50.177143,55.801118
550400,28.929607,27.138470,37.907075,35.361427,47.007703,41.394416,31.587024,45.454819,55.776081,43.851481,51.654777,50.109520,30.020794,43.247998,43.325792,44.284059,53.658804,56.044401,29.974277,43.864893,48.151041,43.795482,54.039851,51.398053,30.101079,43.328284,51.897239,43.784025,56.233156,54.301057,30.096702,43.956734,50.135092,43.502322,51.305982,47.219130
563200,29.009595,27.189977,37.504506,34.160919,44.813644,38.900157,31.623991,45.008541,49.032938,43.556787,48.587663,50.622871,30.043807,43.232634,45.554173,43.206960,46.798460,54.517317,29.980067,43.552367,46.713780,43.463969,46.205074,51.111281,30.074129,43.701037,47.127626,42.911181,50.536956,50.287785,30.063523,44.308778,47.092283,44.112044,48.484147,46.269079
576000,28.998285,27.147170,38.238783,34.579507,41.249485,39.235580,31.650546,45.135401,50.221728,43.931082,48.639845,48.842757,30.051866,43.815092,50.219133,44.569860,47.803294,47.280609,30.026673,43.934505,47.229491,43.363609,48.197468,40.695412,30.102759,44.137817,46.347152,42.850226,47.515195,46.190293,30.079724,43.190049,47.668273,43.247595,46.796160,48.332799
588800,28.938795,27.125907,38.053147,34.605497,43.762133,38.708156,31.781641,46.015226,48.585341,43.832429,45.921560,52.474848,30.060151,43.857539,47.685676,44.084829,48.226828,46.618610,29.987670,43.889521,46.171473,43.923031,49.942125,46.935330,30.084222,43.738712,46.761221,44.012372,46.605426,47.637122,30.051636,44.357177,48.408439,43.769224,47.448678,49.323307
601600,29.067283,27.132988,37.218085,33.917777,41.820430,43.485677,31.576366,44.922365,51.714316,44.073579,50.080174,48.880369,30.043002,44.041987,49.386315,43.760823,56.397723,55.377056,29.969627,43.503839,49.089350,44.131022,51.830780,48.139312,30.087108,43.609403,47.789136,43.183222,52.964560,46.109563,30.038657,44.249618,56.504821,43.619762,49.531003,51.449797
614400,28.913955,27.191095,37.828646,32.360949,43.772856,41.184409,31.629039,45.816246,51.333465,43.419846,47.540564,49.198727,30.018846,45.344531,48.198376,43.961291,47.354772,47.467876,30.011260,43.027530,51.292740,43.797894,46.699119,46.504728,30.081744,44.210689,46.903401,41.448344,46.521858,45.700495,30.073309,44.366012,46.731351,43.562362,45.536274,48.150672
627200,28.944430,27.125334,37.779823,34.360599,52.642426,50.919536,31.613240,44.713882,53.151497,43.867341,48.982708,52.398162,30.087795,43.293535,52.655439,43.232962,51.691486,55.549583,30.005175,43.437786,63.678517,43.551964,55.252109,55.131666,30.084658,43.624315,52.826210,43.198230,56.141909,50.179813,30.071775,43.734858,48.067801,44.312022,48.975471,55.761685
640000,28.943518,27.157192,37.048969,34.296092,48.123004,44.103866,31.583315,46.693156,57.350172,44.224784,49.546574,48.956795,30.042221,43.825859,54.258147,43.244419,56.466286,53.934562,29.999455,43.616335,52.355457,43.231511,51.219983,45.173228,30.090434,44.540922,59.058482,43.932818,56.375328,54.338861,30.109537,43.470323,59.383177,43.866007,49.914320,49.585444
832000,29.103451,27.183921,37.303469,33.616360,44.935345,40.087705,32.112958,45.683257,53.154863,44.216204,47.236003,48.345209,30.040542,43.257633,46.853253,42.936328,47.384584,46.929578,29.950073,42.993897,47.291560,43.833586,47.680518,48.518031,30.073316,43.697533,45.287964,43.531725,46.344029,48.106710,30.052428,43.225030,46.299878,43.590230,48.560810,46.663893
1024000,28.921640,27.153563,37.613725,34.178112,59.703166,51.089464,32.114610,46.378234,48.546439,44.959989,49.636480,51.294892,30.037383,43.366325,60.366213,43.603593,50.129547,46.671884,29.969934,43.270910,60.155962,43.569312,58.233944,57.957172,30.127742,43.049496,49.005042,43.863201,58.815065,60.204600,30.113169,43.905418,58.205176,43.267778,62.265614,53.338112
1216000,29.918903,27.882829,38.881899,35.525823,45.683777,40.201074,32.700361,47.208655,49.390562,44.454873,47.824384,49.169794,33.037552,47.811946,51.996906,46.778151,50.306213,51.778423,30.837309,45.347704,48.113301,45.275324,49.258828,48.827448,30.969394,45.690743,48.199960,45.410639,48.536088,48.272674,30.963741,52.003614,49.743036,45.834666,48.531938,48.583046
1408000,29.914676,27.930066,45.944183,40.271072,62.573377,63.561793,32.752405,53.172880,68.668694,44.942131,47.530198,60.248847,33.220906,54.677396,71.549021,49.469437,63.679249,65.696988,30.857990,51.441229,71.161730,52.016692,64.191082,53.837870,30.935441,48.422271,62.453221,51.875985,68.998567,74.700865,30.935968,52.175310,62.388121,48.572992,65.799922,69.868008
1600000,29.948560,27.869922,38.830461,36.286783,43.141561,41.794381,32.782866,52.352823,50.172202,51.238809,47.115501,48.873418,34.391734,47.188455,50.946158,46.362457,49.707274,49.695305,30.764650,45.571815,47.940780,45.441949,47.561026,48.619117,30.922630,51.245352,47.661698,52.192998,47.799686,48.989405,30.922963,45.406805,48.117206,45.131506,48.404319,48.071801
1792000,29.919624,27.954957,42.863665,39.688413,67.428399,61.181074,32.635678,50.847881,71.623001,44.960777,48.198037,56.123065,33.012970,52.859378,75.252019,46.398466,59.220061,69.925770,30.814676,50.259451,68.662012,50.264445,71.375849,65.547117,30.917375,49.875443,73.651747,50.509878,77.215468,70.519159,30.898129,50.232586,74.136110,51.034489,72.547796,73.894819
1984000,29.936221,27.916705,38.990918,36.436291,43.608269,40.749684,33.217300,47.214587,50.809258,51.988148,47.881101,49.562038,33.024428,47.802451,51.080072,46.921063,49.786325,50.626014,30.835244,45.587405,48.831873,45.389250,48.311850,48.701641,30.944607,45.397610,47.371826,45.352179,48.985643,47.945362,30.904413,45.421476,48.511858,45.473442,48.020913,47.595555
2176000,37.360130,28.640275,40.410900,35.932952,45.318877,40.497065,33.870841,47.212901,51.206566,45.875152,47.394897,51.218084,33.512976,47.998012,51.961418,47.036538,49.596054,51.718219,38.525263,51.436892,49.589949,57.745923,49.928714,50.141429,31.790143,46.916950,50.010573,46.922596,50.009041,50.720584,31.752789,47.719692,50.534924,47.123220,49.096146,50.252803
2368000,30.796225,28.644529,40.048045,36.311126,45.349661,41.099111,33.836013,46.879501,51.202843,45.391950,47.669063,50.995446,33.585489,48.001231,50.647522,47.143537,49.787729,51.190586,31.703361,46.952701,50.231569,46.947703,49.964172,50.375456,38.378543,51.628902,50.538074,46.666851,49.098271,49.098758,38.386033,53.670235,50.295977,46.674270,49.486985,49.565845
2560000,37.384485,28.649614,39.912109,37.636615,44.439830,41.107087,33.782023,47.863591,52.914419,46.586746,50.088820,51.097061,33.558877,47.731196,51.205161,46.926711,48.967832,50.912907,31.622406,46.945132,49.549878,46.677299,49.637305,49.788593,38.415427,47.217056,49.821280,46.911872,50.062182,49.461646,38.378520,46.935828,48.896131,60.656716,49.733679,49.897963
2752000,30.815133,28.640162,40.499278,37.991808,41.799802,41.706655,33.913964,47.277027,52.184798,45.382837,48.430707,50.778298,33.542016,47.949244,53.084683,46.619415,50.212729,53.503873,31.617582,47.227701,49.913813,53.354228,50.554699,49.186440,38.423548,51.731000,48.497567,46.639059,47.902520,51.826090,31.744433,51.797485,48.262671,46.962927,50.514415,47.670061
2944000,37.373225,28.712106,39.857996,36.750493,45.528404,42.676357,33.783816,47.576469,50.981087,45.271965,47.071953,50.626358,33.524927,47.700245,51.381477,46.623837,49.472099,50.919446,38.501856,51.417054,50.341909,46.770164,50.976688,49.692029,31.762838,46.965028,50.392178,46.782582,50.678356,49.643964,38.389247,53.818656,49.090889,46.727251,50.527632,50.079792
3136000,37.343177,28.699013,40.373584,37.483408,47.252552,43.505574,34.118516,47.399220,53.877861,45.275125,49.570144,51.018068,33.691771,48.270730,53.596466,54.632983,52.309243,51.501231,41.116937,51.461635,51.737469,47.243896,50.404137,50.783807,41.546736,46.936873,52.944094,51.917822,51.996119,52.104477,41.567435,51.432240,51.949745,51.718643,47.144993,51.176926
3328000,37.429775,28.692123,39.947038,36.932026,44.740829,42.892091,33.783197,47.163712,50.935541,45.393981,48.028999,51.191602,33.956718,49.149284,53.479966,47.447409,50.252781,52.146656,31.635022,46.920393,50.562004,46.844013,50.413388,51.297650,38.423424,47.079417,50.951161,46.939241,49.151902,50.299726,38.407154,51.670201,50.581581,51.703963,48.899898,50.280566
3520000,37.425201,28.659899,40.309911,36.062824,51.699077,54.215590,33.853502,47.137683,52.495943,45.302925,48.393101,50.654168,33.935225,48.701263,56.691962,47.654556,50.342103,52.132374,38.512618,46.830640,53.232593,47.592556,57.382754,57.885951,38.370153,47.252504,49.252704,46.621173,57.236384,54.026694,31.765266,53.695194,50.378938,46.785940,56.730271,76.660424
3712000,37.536649,28.683629,39.951269,35.315673,44.796092,43.502578,33.778156,47.316157,51.308417,45.446479,48.232663,50.214929,34.353978,48.883685,51.547143,47.213150,50.158507,51.461251,38.526782,46.919963,49.645227,55.077304,49.680233,49.369720,38.386562,47.182115,50.400259,51.851831,49.471242,49.427632,38.399225,56.313477,49.718926,51.688528,50.632903,50.206369
3904000,30.838127,28.639692,40.029800,36.416243,45.507067,42.121429,33.810504,47.487545,51.177475,45.448354,47.232865,50.688054,33.949030,48.633915,51.814044,46.957349,49.455265,50.936126,38.505352,46.816170,50.285079,46.804604,49.965265,56.682012,38.416248,47.246554,49.988083,46.663063,49.365911,50.525561,38.402700,47.218983,49.656039,46.925907,50.275625,50.101635
4096000,37.440743,28.679876,39.958831,37.584697,44.611261,42.478927,34.347288,48.164166,51.488956,46.092598,48.321722,50.897507,33.960677,48.632710,52.239943,47.029268,49.966329,60.720882,31.650834,46.925406,49.457186,46.629752,49.664178,49.712773,38.418337,46.898764,50.766713,51.745495,49.966659,49.785018,38.480420,51.754028,49.449659,46.681001,49.867347,49.468152
4288000,37.810562,29.400727,41.691422,37.535261,47.458639,48.477791,34.967084,48.638586,56.790084,47.253316,48.890316,53.640826,34.204724,49.492311,53.408966,48.087237,51.340541,51.793468,34.651317,51.163697,61.611662,52.546080,53.988488,54.791150,38.393769,61.996949,59.003674,54.559929,52.692179,57.478435,38.519973,56.298722,51.558475,55.339786,54.478882,54.208148
4480000,38.024362,29.431081,41.781458,37.824761,51.464404,47.047042,34.883539,48.436196,58.967322,47.324053,49.403210,52.952778,36.013864,49.560562,60.373637,47.939622,52.975924,54.695668,34.748238,51.440353,60.998992,49.701960,64.147674,67.232918,38.274961,54.051019,59.056289,48.805152,57.444627,58.233550,38.456764,48.797219,54.050271,48.597888,55.923894,59.916248
4672000,37.935423,29.476992,41.961185,38.058207,47.541322,45.743377,34.993502,48.224279,52.048536,47.110837,48.900008,50.809788,34.248441,50.167554,54.708883,48.749780,51.605246,54.415862,34.857957,51.392971,56.525947,49.634251,52.895289,54.141523,38.297201,63.158251,52.357326,55.852961,53.305772,51.510973,38.500464,55.445141,53.521905,49.483049,53.656589,51.500040
4864000,38.062983,29.432710,41.805004,37.111527,45.920218,42.492759,34.985348,48.480666,52.625060,46.638260,48.528624,50.784690,34.241153,49.170087,52.882662,47.193638,57.948394,51.858504,34.707370,51.106460,55.660883,50.129486,53.247576,53.413475,38.317387,49.335007,51.735273,48.475442,51.525269,52.227972,38.452277,49.521106,51.555826,49.174490,51.735451,61.046408
5056000,37.984532,29.417851,41.788027,38.436973,54.945622,51.204244,34.953746,48.492197,62.197254,46.681007,49.352908,52.409659,34.319490,49.742782,61.855612,47.807154,52.632022,55.104332,34.916446,50.718745,64.277927,49.877077,66.549716,66.608734,38.476330,49.057588,64.443725,48.586606,61.836223,60.866531,38.782323,49.277814,61.065684,49.017044,59.448827,60.165705
5248000,37.921245,29.396421,45.316142,41.381863,79.233083,69.804046,34.980920,52.981350,83.064906,47.308274,50.426636,57.745764,34.221522,54.237858,85.600210,47.426110,57.645552,67.542388,34.806840,54.509193,90.786118,50.240746,82.793862,87.992063,38.330175,53.385093,88.227956,52.060144,89.173879,90.886322,38.544336,53.141884,90.163486,53.755610,93.107122,87.597582
5440000,38.109411,29.425711,41.698408,37.532867,86.998666,76.427426,34.964911,48.627940,90.262610,47.027689,50.983564,52.443585,34.226879,49.470092,92.189428,47.804193,56.682292,57.796051,34.681809,51.016679,96.252829,49.842796,86.415615,87.189495,38.263459,49.123787,94.324812,48.874028,98.658810,95.775899,38.570037,56.207039,96.074145,64.258659,95.867366,96.194599
5632000,37.900806,29.410600,47.152892,43.924252,91.972205,76.081516,34.980757,55.813968,89.660787,46.925622,50.838211,63.057128,34.224137,56.384383,96.991788,47.746205,55.492465,78.412201,34.641305,57.006589,96.855165,52.583250,85.089101,99.040892,38.264048,54.011571,97.809891,54.647611,97.033465,97.376392,38.445744,54.963212,97.596582,55.234366,97.103587,98.444180
5824000,37.933419,29.412388,41.604262,37.706380,77.298943,69.608702,35.031577,48.902332,82.216610,46.706887,51.259311,54.066145,34.252586,49.452597,85.765543,47.805043,55.316168,56.685762,34.676871,51.297194,85.426479,49.953222,78.274333,75.351435,38.255794,62.744471,83.662903,48.742002,84.210364,85.989895,38.463114,48.731301,84.700041,49.262360,83.659006,83.622040
6016000,37.937304,29.410300,42.134559,39.258075,56.315232,52.080160,34.911823,49.360184,63.679531,46.888520,49.683842,53.143891,34.224875,50.417079,64.797771,48.072893,53.574505,56.493039,34.673684,51.659008,58.373793,49.838938,61.143626,63.899733,38.293782,49.125658,59.398506,49.061161,61.720384,57.927620,38.442759,50.325149,60.054512,53.820103,57.718746,61.486584
6208000,37.974131,29.435407,41.165316,37.484855,46.676608,44.218065,35.009784,48.394143,52.408122,46.184044,49.130868,51.546671,34.265715,49.193915,54.127050,47.473175,50.570572,51.770531,34.707268,51.029969,54.551389,50.047234,53.436195,53.437390,38.238211,54.196876,51.467991,48.438857,58.974726,59.634893,38.513554,55.745889,51.790371,64.186038,51.701904,51.331928
6400000,38.073166,29.443870,41.134452,37.568328,46.506360,43.532328,34.927705,48.375567,52.007180,46.689177,48.811872,52.223399,34.232367,49.778354,52.676043,47.839121,51.300785,51.490577,34.666640,51.236993,55.078501,50.023354,52.917642,54.141593,38.248714,48.508474,51.540229,54.200086,51.457402,51.733225,38.426215,48.702836,51.666162,54.006895,52.792615,51.976848
8960000,39.503051,30.170853,42.570233,50.477816,48.550055,44.602865,35.826214,49.461182,53.994252,47.816476,49.447463,53.097467,35.491227,50.594154,54.252986,48.653596,50.996225,53.301864,35.193321,51.639496,55.282014,50.398609,53.632080,54.465686,39.925623,50.155395,53.775638,50.234171,53.701306,53.080776,40.584551,50.186557,53.253646,50.345100,53.222080,63.238990
11520000,39.272726,30.167012,52.281740,39.194764,49.239140,49.964690,35.879671,49.632355,54.164847,47.979069,50.231267,52.847154,35.430557,50.188269,53.448514,48.585708,50.946497,52.363249,35.340719,51.279528,55.424842,50.548925,53.438090,54.136898,39.683836,50.037148,53.818067,50.131562,53.780069,61.849348,40.183135,50.490178,53.063947,50.183718,53.658626,53.028130
14080000,39.486313,30.236107,48.577818,38.572818,57.360807,53.760140,35.845358,50.866356,64.611310,47.782984,50.659595,55.487757,35.447370,51.602077,65.974260,48.644928,53.643216,56.490547,35.809903,53.579132,59.436207,50.873826,58.671493,63.415282,39.863570,51.280045,63.712193,50.788324,64.131764,63.984654,40.506378,52.105324,63.912910,51.848088,64.561655,63.227686
16640000,40.027100,30.241663,51.845982,48.793995,47.886526,44.487250,36.568672,50.113201,53.533512,47.941656,50.423756,53.830792,35.875124,50.617502,55.518422,48.761155,51.296209,53.410883,35.664287,52.062368,56.322782,50.331897,53.299216,54.915033,39.794371,50.339959,52.971869,50.172329,61.541021,53.515928,40.523689,50.187677,52.801216,50.183891,52.548962,53.892984
19200000,33.576916,30.928261,46.630114,42.398122,49.528040,49.064345,36.826805,54.887917,53.763001,49.752010,51.118877,59.358675,36.422950,55.628542,60.546417,50.223867,53.699968,65.779714,36.076897,56.174647,61.905213,51.779340,58.316051,65.246971,37.054840,57.539896,61.208646,56.245968,67.387204,68.456454,34.764387,55.516696,59.355835,55.619937,60.110052,59.323428
21760000,33.965008,30.856144,44.456611,39.060825,34.971351,46.858841,36.688588,51.186733,54.119128,47.985994,50.540937,54.323194,36.394787,52.213362,56.199686,50.042796,53.393547,54.895963,36.152062,52.980781,55.368483,51.172167,55.691729,56.758165,37.311894,55.027206,56.978550,53.607073,59.048189,61.874908,35.138360,52.603874,54.122619,52.544640,54.775432,46.528735
24320000,33.640217,30.950957,53.691556,48.951904,49.462099,45.921728,36.829219,50.535881,55.942678,48.025107,50.193406,53.530893,36.407765,51.177028,55.576435,49.510230,52.603508,53.989678,36.055698,52.386498,57.550235,51.437899,55.750424,56.046295,37.657268,54.494022,58.432720,53.335120,56.669123,57.957397,35.161374,52.179194,54.901926,51.857340,63.689580,55.382085
26880000,33.538047,31.005911,49.075796,44.464341,152.056106,110.610981,36.760219,56.190283,132.205207,48.729898,52.314172,62.145578,36.534755,57.189232,143.017260,49.675435,55.721512,70.610265,36.085118,57.982219,145.540080,51.356986,66.279672,107.955599,36.794996,59.649347,152.025659,58.493434,116.454582,109.124653,34.571984,58.426196,151.835656,57.247140,158.383452,151.747418
29440000,33.634684,30.893931,53.595754,47.697772,49.767952,46.601118,36.803289,51.022442,55.128236,48.317031,49.706111,53.296989,36.493875,51.507624,55.986937,49.859036,53.109010,53.846798,36.502205,53.452175,57.952502,51.439305,54.257787,56.052467,37.085965,54.361068,58.117512,53.451631,56.323920,57.546927,34.786017,52.220065,65.684382,51.939389,54.848180,55.436204
32000000,34.776692,30.977126,46.275107,40.984230,132.594263,99.059975,36.840024,52.704548,120.956157,48.375017,52.698134,58.240162,36.406740,53.390265,126.548224,49.442727,56.018325,61.196203,36.512931,55.366141,133.203343,51.688920,64.521160,76.419273,36.905954,56.518182,136.228518,55.210760,97.297899,95.962752,34.598213,53.904683,135.602285,54.140019,135.813740,138.084359
34560000,36.247013,31.692862,55.265410,41.734549,56.498293,54.303299,37.733674,52.244972,55.824890,49.704496,51.255077,54.204650,37.348156,52.714340,56.624067,50.419573,52.593485,55.130905,36.903369,53.588770,58.754477,51.527803,54.089426,56.324377,37.963724,54.767228,59.074107,53.567012,56.674536,58.100457,35.433630,53.865932,60.827810,53.730093,61.820343,61.450121
37120000,34.647944,31.632453,51.196505,41.160774,45.747288,39.849281,37.749455,53.480764,52.986890,49.607192,51.468387,56.867905,37.390383,54.102002,54.036868,50.472632,54.804786,57.540544,36.935871,55.589775,54.506213,53.082962,55.680604,58.629744,37.404585,56.174374,53.670575,54.857756,59.727554,60.786589,36.008133,54.784415,56.631122,54.556954,55.894172,54.205708
39680000,34.715180,31.608774,50.068429,45.226166,133.767046,98.301080,37.694641,57.374511,115.934317,50.210033,54.277735,63.518270,37.452883,59.092199,127.317283,51.405016,56.417553,72.734801,36.912190,58.825179,129.866650,53.195296,62.917349,85.675964,37.507055,59.397562,134.305739,58.304074,92.480752,85.775124,35.914236,58.079933,138.138388,62.237254,140.937207,137.036006
42240000,36.604958,31.669825,58.143931,40.877374,54.883133,47.960771,37.716777,52.084481,56.395826,49.343297,50.978363,54.156454,37.438359,52.714173,56.982866,50.679892,53.695666,55.324564,36.953316,53.642461,58.470401,52.214732,55.330701,56.781214,38.320916,54.765426,59.066205,54.066517,57.194334,57.773218,37.197420,53.943087,57.398738,54.048356,63.385755,56.964326
44800000,34.506839,31.704672,45.469712,41.810710,55.075433,53.331695,37.817364,52.143237,56.142933,49.410727,51.136288,54.816796,37.436447,52.839568,57.030738,50.517733,53.489186,55.091241,36.959144,53.652141,59.131237,51.932400,55.381595,55.847534,37.758591,55.046269,58.727769,53.627543,56.698275,58.583452,35.520651,54.104906,59.032747,53.664882,58.971046,59.033927
47360000,34.448246,31.722649,55.031402,53.272435,62.238043,46.355792,37.721531,51.778424,55.980081,49.523012,51.244959,54.807640,37.403906,52.797675,57.215712,50.794828,54.216774,55.479979,37.156798,54.164514,58.379024,51.620095,53.992515,56.441583,37.386207,55.035359,59.135740,53.893041,61.480287,58.278200,35.699393,53.945972,57.432576,53.906084,64.945819,60.828540
49920000,34.626622,31.606665,46.473843,41.193689,74.680855,60.874274,37.733047,52.921445,71.448629,49.263651,52.873109,56.701295,37.442475,53.689125,79.956570,50.782858,55.697024,58.763245,36.910445,54.764552,82.963261,51.558880,58.731948,63.153419,37.404357,56.399410,80.039414,54.512354,67.491258,69.196728,35.686814,55.078981,83.798449,54.732967,80.156172,79.481190
52480000,34.718974,31.843121,46.611698,41.753197,121.942963,88.287092,37.901223,53.718917,108.971687,49.758163,54.175231,58.114283,37.445316,54.210596,111.710535,50.644756,57.267700,59.605707,36.966851,55.430355,120.203666,51.891418,61.233472,68.606486,37.720711,56.897093,123.882000,54.998727,78.348063,78.373682,35.748510,55.358767,127.762629,55.633446,129.815093,126.939581
55040000,36.927406,31.595671,46.958623,43.215919,176.326453,118.357293,37.842698,53.440269,142.155872,49.181724,52.929227,57.880733,37.351991,55.146468,157.050905,50.653387,56.999121,61.536718,36.888634,55.784232,163.308030,51.831362,62.785274,71.082927,37.772410,57.515610,171.187461,55.360084,86.732373,86.316169,37.729408,55.521261,176.602238,55.860955,182.356639,177.003614
57600000,35.299557,31.652285,45.947922,52.981873,70.905679,47.404171,37.818153,51.998033,56.309324,49.365287,51.725575,54.813085,37.407515,52.478796,57.041418,50.993594,54.189523,55.069272,37.849644,53.678442,59.480924,51.649111,55.486685,56.458443,38.871583,55.349073,60.181137,54.387996,58.319791,59.641491,37.354697,53.982902,59.962530,53.755401,64.281852,60.145886
60160000,34.494286,31.626892,45.881386,52.180522,53.793706,53.434048,37.811015,52.025737,55.847448,49.317701,51.072428,54.691539,37.367838,52.855930,56.684249,50.367274,52.728372,55.089745,36.933206,53.947144,59.279977,51.582527,54.703594,56.303093,38.279058,55.862625,59.276943,54.029463,57.274924,58.212890,37.612960,53.949023,59.174590,53.644721,59.447223,59.038428
62720000,34.804260,31.650782,45.979378,40.443356,56.433600,46.453025,37.856768,52.370041,55.947697,48.933304,50.759320,54.604547,37.432727,53.152935,56.182780,50.508037,52.920032,54.470845,38.396814,54.042786,58.997300,51.900458,54.360413,56.014018,37.853230,55.702320,60.012130,53.785337,61.447018,58.287998,36.003969,54.312722,60.795949,53.735269,66.273117,60.526367
64000000,34.448547,31.657205,45.884907,51.202093,53.590440,46.576682,37.762422,51.988991,56.092689,49.274909,51.023168,54.331348,37.354008,52.735845,56.723824,50.226011,53.202571,56.129746,37.562652,54.645642,58.568063,52.512300,54.754147,56.424480,37.654039,55.579834,59.528101,54.142032,61.559114,59.183432,35.399695,53.998557,61.035889,53.425438,61.494904,61.051673
96000000,39.715101,32.445258,46.980459,42.695960,60.276889,48.262208,38.766955,53.527148,57.194411,50.426642,51.865117,56.054146,38.329122,54.561163,58.304080,51.085929,54.393016,56.185227,38.139569,56.256897,61.526786,54.310301,57.843452,58.932055,38.938747,55.872738,60.610940,54.990628,57.710559,58.794688,41.545480,58.404155,65.657092,56.467384,69.129818,64.820754
128000000,35.925953,32.446946,47.273279,42.671846,47.490088,42.011334,38.880649,53.622158,48.649222,50.808463,53.141458,56.877165,38.277037,54.324028,47.768379,51.275795,55.416271,58.834046,38.052368,55.784874,61.700537,53.178222,57.498763,59.987089,39.537247,57.421602,52.269045,55.365974,61.257077,63.415488,43.041618,58.620231,57.369273,57.002932,77.696947,69.978107
160000000,40.972322,33.333264,49.159325,45.091755,146.521689,99.680581,39.466271,55.457414,180.497933,51.231082,55.982659,61.142847,39.504877,56.208167,155.968036,52.912943,57.897098,61.861685,39.135159,57.375379,134.247937,54.258035,62.918834,66.526402,40.111338,57.911459,143.464178,56.614774,68.557301,70.464222,43.615555,59.470127,151.020914,58.464141,107.971498,107.323566
192000000,36.685381,33.177999,49.287074,43.520718,205.352645,132.632194,39.388786,55.715913,178.780411,51.008951,53.905353,60.155788,39.655885,56.207566,176.802625,52.511116,57.497586,62.408261,39.124692,57.356229,193.684190,54.005918,60.901003,65.982282,39.399323,58.184442,207.959278,56.306588,70.598207,72.093632,43.190318,59.627716,212.217732,57.744410,123.596637,115.933326
224000000,39.873298,33.443613,48.705009,44.378368,62.075685,48.778110,39.221072,54.270115,58.414328,51.071141,52.174740,57.699048,39.327364,55.298347,60.199945,52.171811,54.481060,57.515075,38.850456,56.215353,61.495254,53.408922,56.360327,57.955310,39.158118,57.257069,63.807378,55.243998,63.151887,62.331737,44.166472,59.308428,69.925693,57.715246,66.947197,64.674568
256000000,37.008283,33.486666,49.006843,44.568274,64.538085,48.743689,39.568861,54.653230,59.008128,50.858548,52.628926,57.246795,39.927303,55.808670,61.540901,52.880741,54.600374,57.108944,39.429520,56.584269,60.786509,53.839103,56.333408,59.230279,41.428224,58.383631,64.432408,56.288874,63.896316,63.479433,44.658021,59.721452,70.323082,59.631393,69.631330,69.008323
288000000,41.822944,34.682928,50.829428,45.629061,66.226968,51.279451,40.952441,56.083598,60.612287,52.308057,53.478464,58.467305,40.728171,57.092046,61.028022,53.717361,55.720140,59.128882,40.441252,58.366163,62.357300,55.225745,57.827982,59.809745,41.121505,59.114441,63.302933,56.966287,59.620672,61.595240,40.983572,60.430201,71.181512,58.742060,71.812048,71.130904
320000000,43.066906,34.365717,50.246985,45.574279,64.344099,50.486745,40.642449,55.694097,60.133592,52.097469,53.321070,58.553965,40.679826,56.667025,60.791232,53.284418,55.844301,58.745204,40.497040,57.755058,61.873551,54.939077,57.455240,59.641549,41.213449,58.682082,65.932578,56.263447,62.462681,64.472914,40.348369,60.095437,70.069836,58.230141,70.957196,68.068361
352000000,42.785962,33.915501,49.813033,44.754757,69.285784,51.317604,40.236303,55.815349,60.112125,51.861900,52.995824,58.345514,40.525876,56.719225,61.035870,53.038945,55.204385,58.081556,40.246699,58.110837,61.992107,54.935597,57.276386,60.102831,40.872392,58.599494,63.330162,56.120799,63.452369,60.768905,40.817757,60.145809,70.329381,58.456871,68.079267,68.762061
384000000,42.330533,34.275861,50.394680,45.638821,67.344551,50.358444,40.269918,55.800798,60.485962,52.138180,53.500608,58.054957,40.409319,56.417060,60.547339,53.567122,59.652744,58.352299,40.247831,57.920234,61.932574,55.515471,57.443114,59.582482,40.680479,58.328178,62.961199,56.069984,64.070962,61.016754,44.901519,60.221207,73.110786,57.940107,72.892503,71.847996
416000000,42.890914,34.076572,50.117868,44.255603,70.057909,50.479608,40.391410,55.704158,59.935228,51.783918,53.359628,58.512716,40.409484,56.522420,60.460966,53.480501,55.770188,58.535826,40.332995,58.005675,61.881319,54.945251,57.154681,59.755741,41.676409,58.717764,66.193066,56.527495,66.291372,64.183454,41.985147,59.799051,76.616376,61.079629,69.971010,71.691947
448000000,42.163720,34.680257,50.725333,44.502643,65.481218,50.282243,40.672355,56.331327,60.479556,52.265137,53.776463,58.489636,41.281972,57.155192,60.771851,53.527748,55.480752,58.761723,40.743474,58.619314,62.602620,55.298283,57.594117,59.926318,41.004898,59.102413,63.655822,56.603050,59.594806,61.405271,40.972806,61.080826,67.808058,58.429956,68.848377,66.153918
480000000,42.313265,34.911370,51.095688,46.226285,68.476070,51.494841,41.231513,57.099479,61.112727,52.563669,54.947894,59.848337,41.241009,57.396595,61.587556,54.151890,56.862913,59.782011,41.051987,59.146485,62.777160,55.634962,58.711507,60.880987,41.502455,59.544385,64.159459,57.470153,60.211260,62.194410,46.320411,61.682752,71.952437,59.929621,73.022284,72.823016
512000000,42.619309,34.535666,50.439687,44.533035,62.140212,50.672132,40.804101,56.093936,60.529505,52.279210,54.142554,58.902513,41.050750,56.962399,60.773637,53.912822,55.876089,58.844076,40.479819,58.731446,62.342767,55.396992,58.097445,60.240784,41.067135,59.071658,63.087610,57.308376,59.746237,61.745351,46.363500,61.641160,72.317303,63.615463,68.363487,70.061988
544000000,44.410428,36.352422,53.219237,47.820278,69.971694,52.822129,42.145153,58.144749,62.665042,53.423336,55.158154,60.158999,42.839765,59.134719,63.617082,56.246255,57.372339,61.064896,42.199793,60.180222,64.795883,56.680927,58.658955,61.645135,42.581252,60.934439,65.480266,58.249482,61.500472,63.178749,47.614140,62.240368,74.689907,59.993389,72.395805,72.439812
576000000,44.470706,35.058542,51.733269,47.020275,66.180000,51.686331,41.503329,57.728237,61.568382,53.651936,54.408130,60.196564,42.528944,58.267448,63.072637,55.032780,56.505120,59.967790,41.545272,59.801292,63.713478,56.409522,58.950419,62.012858,42.237471,60.603640,64.801422,57.830248,60.605182,62.728042,45.948927,61.517470,73.790430,60.020220,72.957904,71.701628
608000000,42.706646,35.734026,51.740739,45.688780,69.840486,51.687346,41.587329,57.475383,62.513819,52.813653,54.842806,60.071477,41.940048,58.283867,62.651528,55.335135,57.701200,60.493413,41.304324,58.995169,63.233902,55.269360,58.392865,60.389490,41.585069,60.219964,64.053621,57.322022,60.116947,62.934365,41.061531,61.988881,69.495617,58.880775,66.358048,67.210201
640000000,46.167050,37.137172,38.773587,45.675914,52.272897,43.014499,43.181362,47.916693,57.762083,51.764581,56.672259,49.573252,43.571309,56.644581,58.054868,54.412303,56.126762,57.756920,44.354655,48.033338,59.980833,54.862804,47.723134,61.171206,40.609135,55.393083,60.075990,43.978616,57.317240,57.669441,45.466726,48.283820,51.256078,54.176554,59.787036,61.040287
1024000000,155.265842,75.557494,78.578777,76.153055,124.451504,74.255676,119.889066,103.209936,101.856774,99.013142,97.151954,101.939344,129.051729,94.772711,103.347037,91.828575,98.935123,102.647931,142.582675,88.593432,112.290734,85.806345,107.548059,110.808180,149.703837,87.934583,117.172778,85.449848,113.124848,115.288682,150.713263,87.930641,121.247448,85.601960,116.983398,118.070533
1408000000,224.917734,101.080685,106.468062,96.969416,191.453825,98.850950,165.556990,137.521364,139.575640,132.552662,132.584441,138.128800,175.619455,128.001102,149.145805,129.761376,144.152806,147.488430,197.881347,120.704091,161.326257,117.501973,156.196996,159.988754,214.107275,120.946802,171.196685,118.168412,166.851751,169.914839,213.372322,121.540477,177.645364,116.759569,173.234310,178.697342
1792000000,268.410667,115.733445,124.879305,110.233446,236.162903,112.875801,190.771972,163.333183,164.479684,158.686428,157.332719,163.708777,210.722603,157.811928,174.013351,154.403778,168.373789,171.569144,226.398009,139.554018,191.398290,136.443066,185.651831,189.106678,251.216094,141.315937,206.677959,138.857038,202.352961,204.720319,249.535905,139.171171,206.425770,139.034542,202.846900,204.279946
2176000000,303.643492,134.559323,145.265462,127.714102,269.470805,129.613966,212.918366,185.145308,188.021253,179.572122,179.305378,185.169087,240.995288,183.936922,199.896201,180.832989,193.577589,198.664690,261.400640,164.404316,221.388002,160.765423,217.043311,219.404375,284.720353,163.737321,239.056220,161.623862,235.883635,238.273258,283.267916,162.141677,237.906500,157.288457,235.441225,237.497026
2560000000,322.200655,136.759152,149.129418,129.313916,291.258002,131.031395,220.514841,190.444097,190.745960,185.347482,184.707837,191.067243,252.918070,190.157032,210.080195,189.948093,204.146703,208.357326,267.458717,167.488569,228.820510,163.578254,225.570576,227.857898,292.735722,168.830299,251.630467,166.734211,247.954382,250.174063,300.671881,165.621873,253.340759,164.959902,248.515769,251.209930
2944000000,343.621887,142.708523,158.168029,134.101489,317.305724,139.616414,229.796212,199.057028,202.666074,193.418459,194.100767,200.676267,262.448382,199.400721,223.964983,197.987163,216.729409,221.072923,282.306724,177.895903,246.493111,173.901358,241.075522,244.866436,308.351756,177.408904,267.680878,174.967439,262.634252,265.448251,311.495092,178.281548,272.706094,176.862425,267.788197,272.035874
3328000000,351.927387,143.848414,159.157118,134.852250,325.240731,137.490964,240.053559,200.821707,203.088216,196.023864,195.812622,202.237900,269.834101,204.874484,228.442082,206.600355,222.293458,225.950459,290.008803,187.333699,253.164074,183.494573,247.514142,251.288392,314.648687,181.217312,276.900411,178.920505,271.922089,274.738585,318.584004,181.845146,280.321550,176.724780,276.567331,279.232732
3712000000,355.411986,146.364287,161.711423,136.233425,330.487364,138.317650,236.806503,203.412060,206.236845,198.039430,198.167085,203.987312,278.243572,205.713903,230.453436,206.992780,223.077589,228.169657,295.546279,184.448279,256.198669,181.289730,249.572774,252.916221,323.174871,182.132108,281.320051,179.633334,276.327017,279.073442,319.446404,182.751810,285.269056,178.237952,281.428653,283.735047
4096000000,367.499881,146.945343,164.052707,137.146776,338.539455,139.295688,267.751630,230.697841,233.193147,226.244833,226.362855,231.792473,274.963032,208.706239,238.734290,209.903848,233.221763,236.108435,304.485979,197.673052,281.089384,194.423162,276.376259,278.944483,327.286601,184.536165,291.009529,182.056940,285.661606,288.780874,330.442228,184.849341,292.778261,181.903407,286.770125,289.921837
4480000000,408.643890,186.707130,204.298281,175.912657,386.445699,178.758526,279.328635,245.773502,250.183733,242.131530,243.131889,248.628843,321.047315,257.085328,279.493030,253.597824,271.765134,276.248549,341.673518,234.872741,306.452967,230.825654,300.639405,303.888797,367.163045,226.992097,335.700204,224.207567,331.391964,333.785158,369.881263,227.741089,341.159781,225.371496,337.187862,339.093684
4864000000,416.916508,184.600905,203.801360,173.033471,393.189081,177.074380,288.179733,245.641707,249.856051,241.097118,241.775354,247.196573,322.423045,258.805123,278.336590,257.724553,271.095070,276.060666,365.033010,238.912401,305.488861,236.542919,299.774278,303.586118,368.149702,229.144932,335.272731,226.521952,331.400985,334.438251,373.045735,227.221957,343.626448,227.663869,340.497405,341.950916
5248000000,415.491752,183.334259,202.618421,170.648687,392.998666,174.410098,285.637856,243.246192,251.240643,240.207317,240.896363,246.669519,317.778614,252.892881,281.481171,251.902604,273.400630,278.321799,357.710289,238.064524,316.580575,234.507079,310.111326,314.121981,379.095117,227.464621,336.978904,227.395558,333.381853,335.064201,371.633059,227.434093,346.299536,223.501001,343.011364,344.235912
5632000000,419.841184,180.048328,202.721062,168.126370,398.468663,174.404748,278.786266,242.366052,247.202628,237.172999,238.590376,245.169598,318.162992,251.866903,274.501818,249.440344,267.555494,272.498690,360.152104,240.106399,304.403547,236.036367,297.851339,302.050172,368.770223,226.702561,337.739229,224.262160,331.964397,333.883013,368.886523,226.148958,345.895500,224.056290,342.825430,344.403245
6016000000,419.455704,181.728735,201.522545,166.876050,408.948982,173.184996,277.766438,242.798403,247.010100,240.712771,241.319628,248.545789,316.507177,251.366198,275.689400,250.781186,267.950029,273.151898,355.999986,240.331277,307.206378,237.309843,299.941059,303.730593,377.220298,228.125786,343.313897,225.880928,338.738251,340.364734,370.618163,229.386043,358.822427,225.074900,355.268243,357.078845
6400000000,429.344757,177.660388,201.888150,164.928028,411.177996,171.684186,279.045781,239.872060,246.340356,235.059651,235.683739,241.373151,318.025872,253.900276,277.318811,250.974073,269.433143,275.693040,347.459488,253.438635,310.208470,249.239436,304.093656,307.833428,366.278027,228.246133,342.170100,225.527772,335.048826,337.861768,371.128582,225.907497,351.904132,223.334515,347.945582,348.668864
10880000000,468.175732,191.110579,222.539963,174.966648,449.581005,183.048754,309.347962,263.053937,265.965212,259.954909,258.221774,263.157898,334.409521,276.403939,304.587890,275.063256,298.302990,302.488276,394.205483,280.844554,334.910701,277.154115,329.366833,333.244362,395.556647,252.252997,365.946203,250.041386,361.276192,363.622924,394.012516,249.448586,385.821396,247.691808,380.673232,383.654308
15360000000,487.871534,191.436609,231.028734,176.521778,473.099322,185.779318,325.164278,267.957828,274.347424,264.016275,266.117654,272.548444,341.935139,281.040151,306.814100,278.192354,299.032251,304.086940,402.639111,292.696477,348.338584,286.674163,339.865124,344.315087,413.099848,268.056567,376.127311,265.139155,370.463996,373.645210,400.471761,261.421617,404.206470,259.401667,399.599138,400.576928
19840000000,506.292309,202.119067,245.270004,185.191062,499.113510,195.009451,338.141496,280.658323,280.825646,277.019140,279.571534,284.281291,351.341152,290.543897,317.539822,286.414950,309.817877,314.748221,405.591919,307.216978,359.962607,303.341967,352.215632,356.732826,435.760867,302.821669,389.535226,300.379857,383.722882,386.627575,411.338800,277.889046,417.862694,276.434143,413.013863,415.826640
24320000000,516.606544,203.601738,250.196491,187.717156,508.250612,197.054369,334.973547,285.654547,282.069704,284.589689,286.160248,288.247025,362.786833,286.784643,315.672550,283.326417,306.694743,311.664829,412.971410,309.335463,359.449871,305.171355,352.544938,357.305802,428.858610,304.663792,395.131253,301.508827,389.153131,392.721373,410.584513,284.436477,423.713992,281.808767,417.571142,420.884867
28800000000,529.975238,206.300955,254.173051,190.243341,513.436799,199.533845,347.791535,294.657335,294.916387,295.427067,289.139506,293.182014,361.664464,297.660316,331.020404,292.536152,322.582457,326.733493,413.561541,312.628138,361.841187,308.633513,354.322628,358.946577,453.967548,320.907325,402.287625,318.294359,394.387848,398.451334,414.996894,292.523266,425.215683,291.461807,419.687328,422.974698
33280000000,552.471432,207.365137,260.395792,191.332149,539.319463,202.994805,348.916471,297.371238,294.687851,294.427071,294.859804,299.297023,372.080916,294.206392,325.429822,292.142887,317.584265,320.978944,412.600482,316.037859,373.301034,311.488464,363.132436,368.918277,456.158609,323.829702,418.269004,319.891085,410.916151,415.407667,423.880712,304.119108,441.766108,299.754872,435.730665,438.247034
37760000000,563.036632,216.102224,268.712169,199.352384,540.324770,207.654486,353.023702,303.269108,294.369296,300.461949,302.845179,305.706926,379.410100,299.501766,332.800971,296.539272,324.400909,328.893898,419.943511,323.265870,376.730398,318.344952,369.546255,374.730840,464.104894,333.165000,428.885887,330.408138,423.799491,426.386871,426.904326,316.178091,446.486302,308.590189,438.343718,441.939744
42240000000,571.999645,214.737774,271.796570,198.027838,554.814112,207.936584,350.911852,307.668321,301.001272,305.545084,306.263391,309.459977,380.385087,301.347035,335.526259,298.016752,327.079118,332.745998,428.193268,323.313154,380.288197,318.939254,372.225909,377.109593,467.381624,346.037982,426.064792,342.890271,417.261238,421.712865,427.543547,318.667978,447.139382,319.154166,440.787999,443.800196
46720000000,561.808494,216.393619,272.431018,201.166924,572.489910,208.572239,358.254328,310.322726,304.042395,306.318883,307.124675,310.701431,379.267206,306.005983,337.024757,302.568647,329.235984,334.050577,428.796090,324.544846,370.323896,320.486580,362.710430,367.294660,468.523191,350.258411,429.634964,346.176960,421.542833,426.909188,423.545248,325.851008,452.666238,325.242344,444.472306,448.833918
51200000000,570.845735,212.020636,274.677481,199.106108,560.742534,208.809268,362.482935,310.671227,311.405763,307.816540,307.481239,311.124513,383.971241,317.657119,348.176221,313.410772,338.037758,342.484745,430.252356,326.386110,375.895616,321.758002,366.724164,372.734636,479.574116,348.307352,434.474619,347.192377,429.610041,433.341053,433.536124,326.571605,453.889745,322.935846,446.955470,450.766238
55680000000,588.952151,221.538105,279.099035,204.319604,570.664463,212.138714,363.183536,313.950891,311.988046,311.474391,311.406098,315.821066,386.941670,320.913934,355.654606,317.881367,346.487805,351.313062,432.080951,328.371559,381.267766,322.829221,373.683445,377.321440,480.352662,355.167297,442.617844,352.081112,433.406319,439.131357,433.603457,332.508443,457.227413,329.828716,450.482777,453.482595
60160000000,593.480951,218.940420,279.718456,203.765495,567.753424,211.616912,357.039837,314.850931,316.613816,312.698475,312.858923,315.540112,391.905658,312.467659,345.760114,310.526623,339.018456,341.785273,438.996425,329.151951,384.383390,325.529022,377.691824,382.298024,483.184329,361.472647,435.907250,358.306508,429.178093,433.124364,432.858300,339.427819,458.787816,334.027334,451.934305,456.212492
64000000000,598.725686,220.066229,282.644153,203.064961,573.355308,213.180305,356.505470,317.168441,315.323082,314.057028,314.283269,316.666283,400.098794,314.974198,348.010174,312.271447,338.293960,342.464664,433.279765,336.085266,386.623471,329.893323,376.405560,383.030096,476.360958,363.239167,439.051508,359.241261,432.521164,436.113334,431.404088,349.682462,461.858932,342.012733,455.934417,458.687452
115200000000,634.549388,158.291285,302.983051,155.645432,643.560335,168.644147,366.122240,332.116429,328.169026,325.832980,323.922953,329.892039,407.099280,335.930814,364.828844,332.361750,357.067553,359.876521,450.733312,343.334326,394.509821,338.974511,385.790940,391.813880,493.359222,379.698222,454.672940,376.429194,445.254840,451.698437,438.910128,388.675017,504.830460,385.748848,497.189743,500.268475
166400000000,673.160750,160.822731,324.978188,156.353488,648.122478,166.997374,374.394547,338.541746,339.445122,331.779596,330.649346,337.247241,418.219866,362.643823,393.885215,358.804945,384.319607,389.650359,470.983275,362.391140,419.220379,360.835512,409.977193,414.490089,503.152890,392.642031,464.042430,389.517246,455.102443,461.878409,453.288745,416.270161,510.551829,409.204084,503.137378,507.329972
217600000000,669.900246,176.892986,343.700807,172.812455,670.876171,185.863350,386.165904,338.498047,340.871658,334.365586,332.920217,336.466077,431.752475,357.433108,383.266588,351.143259,374.980786,379.509803,479.932862,372.078970,428.127155,368.651161,419.749331,423.774170,501.037724,397.698961,459.576582,394.925468,451.126531,453.809088,448.271506,429.381646,515.533579,425.762207,507.801202,511.357901
