Elements,fixed[F],fixed[$\ell$],byte[F],byte[$\ell$],bit[F],bit[$\ell$],fixed[$16$]fixed,byte[$16$]byte,bit[$16$]bit,fixed[$16$]byte,fixed[$16$]bit,byte[$16$]bit,fixed[F]8,fixed[$\ell$]8,byte[F]8,byte[$\ell$]8,bit[F]8,bit[$\ell$]8,fixed[$16$]fixed8,byte[$16$]byte8,bit[$16$]bit8,fixed[$16$]byte8,fixed[$16$]bit8,byte[$16$]bit8,fixed[F]16,fixed[$\ell$]16,byte[F]16,byte[$\ell$]16,bit[F]16,bit[$\ell$]16,fixed[$16$]fixed16,byte[$16$]byte16,bit[$16$]bit16,fixed[$16$]byte16,fixed[$16$]bit16,byte[$16$]bit16,fixed[F]32,fixed[$\ell$]32,byte[F]32,byte[$\ell$]32,bit[F]32,bit[$\ell$]32,fixed[$16$]fixed32,byte[$16$]byte32,bit[$16$]bit32,fixed[$16$]byte32,fixed[$16$]bit32,byte[$16$]bit32,fixed[F]64,fixed[$\ell$]64,byte[F]64,byte[$\ell$]64,bit[F]64,bit[$\ell$]64,fixed[$16$]fixed64,byte[$16$]byte64,bit[$16$]bit64,fixed[$16$]byte64,fixed[$16$]bit64,byte[$16$]bit64,Prezza
640,22110.000000,19239.200000,17036.100000,19739.000000,17064.600000,16126.700000,20507.600000,17041.400000,17272.500000,17075.000000,17271.000000,17180.500000,20275.500000,16830.200000,16132.600000,16969.700000,16795.300000,19202.400000,16902.100000,19037.500000,17371.400000,17217.500000,17204.900000,16162.400000,18625.200000,19702.700000,20047.000000,20278.600000,20903.500000,19856.800000,19560.600000,19200.100000,21769.900000,19756.000000,17696.200000,19570.500000,13749.700000,12398.800000,12040.500000,12435.500000,12043.500000,11854.500000,11728.300000,12265.300000,12212.400000,16206.900000,18015.600000,16576.000000,12447.000000,12402.500000,11847.600000,11557.900000,11150.600000,19771.300000,13515.200000,12773.100000,20885.200000,16193.000000,12580.800000,19759.000000,31509.300000
1280,7907.500000,7004.100000,6470.250000,6545.350000,6290.050000,9356.150000,8331.200000,6795.050000,6495.350000,6552.300000,7397.850000,6213.550000,5775.800000,9597.450000,6974.350000,9860.400000,6908.250000,6579.750000,6367.400000,6670.650000,6322.800000,6142.750000,9017.400000,10206.500000,7640.350000,6146.600000,5969.650000,6016.500000,5948.050000,5895.700000,5771.150000,5955.250000,9276.300000,7805.100000,6813.800000,6367.300000,6263.900000,5810.350000,5680.400000,5695.900000,5611.900000,7442.700000,7148.400000,7859.600000,5883.650000,5682.050000,5796.950000,7195.650000,5464.800000,5565.150000,5806.700000,7752.400000,6569.250000,6117.050000,6404.050000,6360.950000,6259.250000,5986.500000,5855.300000,5846.550000,29584.250000
1920,5931.266667,4549.900000,4043.200000,5174.633333,4038.900000,4152.800000,4895.133333,5099.533333,4725.633333,6148.033333,5153.166667,4329.233333,5037.033333,3808.766667,3883.233333,3899.366667,5121.866667,5082.533333,5564.900000,4141.633333,4999.366667,3974.900000,5073.666667,5154.400000,4089.500000,5059.333333,4603.200000,4177.966667,3972.033333,4230.600000,3892.533333,4094.966667,4115.900000,3998.566667,5952.133333,4970.033333,4479.033333,4165.766667,3857.833333,4045.966667,3888.300000,4331.600000,4161.600000,6505.100000,5659.400000,5221.866667,4044.633333,4166.066667,3965.800000,3952.400000,4030.600000,3984.533333,4509.500000,5205.400000,4468.333333,4717.666667,4044.133333,3883.533333,4013.000000,3952.766667,29884.333333
2560,3257.275000,3658.050000,3946.400000,3588.000000,3029.375000,3889.225000,3227.875000,3150.450000,3049.800000,3856.125000,3571.100000,3155.575000,2911.250000,2990.925000,2986.650000,2882.500000,3157.725000,4201.625000,4553.225000,5015.225000,5928.575000,4972.175000,4116.025000,3425.200000,4109.450000,3113.400000,4894.925000,3570.850000,3961.100000,3206.750000,3082.875000,3049.775000,2954.325000,2890.325000,3185.150000,4549.350000,4089.050000,3015.725000,3135.725000,3064.325000,3135.175000,3734.400000,2941.225000,4078.725000,4529.275000,3422.775000,3076.600000,3853.375000,2770.225000,2824.275000,2790.600000,2847.925000,4353.125000,4302.250000,3196.625000,3251.650000,3184.925000,3224.525000,3213.700000,3114.400000,29013.600000
3200,2874.460000,3183.060000,3309.340000,2569.920000,2356.340000,2385.560000,2102.060000,2448.340000,3266.700000,3361.160000,3042.480000,2741.980000,3050.240000,2302.540000,2239.940000,2297.040000,3046.260000,2736.280000,2523.700000,2468.740000,2474.740000,2318.720000,2258.880000,2319.720000,2564.840000,2992.480000,2643.280000,2444.240000,2312.720000,2451.860000,2365.680000,2355.400000,2360.120000,3062.860000,3300.780000,2453.460000,2596.960000,2425.660000,2416.520000,2383.680000,2285.800000,2304.840000,3027.560000,2744.760000,3119.360000,2366.100000,2389.880000,2386.680000,2892.100000,2532.080000,3322.900000,2806.560000,2415.340000,2378.760000,2308.320000,2384.080000,2347.180000,2337.760000,2602.500000,3090.980000,29312.640000
3840,2862.850000,2430.750000,2062.866667,2058.216667,2039.233333,2070.983333,2362.283333,2710.733333,2298.483333,2105.383333,1978.033333,2083.100000,2558.516667,2011.366667,2569.850000,3028.166667,2149.366667,2118.116667,1940.400000,2041.933333,1997.866667,1946.150000,2612.933333,2302.816667,2591.316667,2086.433333,2338.066667,2042.083333,2106.383333,2068.650000,2782.650000,2435.500000,2188.800000,2078.966667,2111.566667,2046.950000,1970.083333,1934.416667,2909.816667,2369.083333,2080.416667,1963.483333,1957.483333,2008.366667,1984.916667,1991.433333,2222.583333,2627.366667,2251.466667,2043.616667,2111.100000,2081.200000,2044.983333,2111.250000,2094.516667,2697.250000,2380.633333,2050.400000,2688.533333,2419.400000,29026.183333
4480,2062.028571,2292.900000,2028.800000,3115.800000,2013.228571,1952.714286,2173.185714,1838.957143,1864.657143,1866.185714,2825.300000,2532.114286,1889.628571,1868.114286,1792.642857,1766.985714,1690.785714,2626.285714,2004.085714,1848.057143,1833.800000,1773.257143,1721.885714,2170.142857,1668.842857,2579.157143,1936.642857,1846.514286,1810.557143,1737.700000,1808.757143,1799.728571,1829.428571,2560.114286,2449.642857,1916.185714,2616.500000,2111.142857,1682.828571,2180.285714,1677.828571,2231.542857,2028.000000,2415.742857,1849.557143,1730.785714,1715.071429,1795.914286,1745.300000,2731.957143,2067.071429,1921.671429,1811.142857,1769.000000,1672.457143,1748.171429,1707.585714,2601.542857,2477.714286,1896.242857,28833.585714
5120,2037.762500,2095.487500,1609.525000,2165.500000,2346.837500,2114.975000,1791.650000,2162.775000,1742.775000,1633.462500,1551.312500,1995.375000,1837.987500,1976.850000,1608.287500,1559.762500,1497.100000,1543.700000,1901.975000,2248.300000,1785.462500,1595.362500,1532.362500,1511.350000,1431.225000,1548.687500,1947.137500,2131.637500,1745.887500,1849.575000,1629.112500,1567.237500,1605.012500,1576.612500,1802.525000,1979.812500,1940.762500,1559.800000,1523.012500,1506.775000,1473.062500,1519.012500,1700.062500,1962.762500,1855.862500,1700.200000,1581.700000,1538.562500,1463.712500,1495.250000,1891.700000,1742.225000,1531.337500,1498.937500,1479.050000,1556.212500,1547.737500,1491.287500,1916.550000,1649.937500,28774.712500
5760,1684.266667,1519.611111,1416.588889,1445.777778,1792.711111,1930.622222,1574.900000,1494.977778,1759.311111,1341.988889,1369.311111,1580.411111,1714.300000,1538.955556,1390.833333,1325.266667,1297.700000,1356.455556,1311.811111,1572.777778,1729.166667,1585.477778,1374.566667,1346.455556,1343.644444,1289.444444,1263.688889,1691.300000,1459.377778,1336.133333,1302.333333,1384.855556,1346.200000,1332.377778,1281.288889,1717.811111,1340.011111,1332.822222,1265.644444,1333.877778,1263.044444,1319.922222,1899.600000,1912.777778,1635.900000,1465.800000,1413.566667,1386.655556,1303.322222,1291.277778,1712.077778,1545.988889,1346.088889,1362.444444,1329.500000,1418.755556,1405.577778,1369.188889,1704.855556,1630.800000,28644.255556
6400,1572.170000,1365.360000,1269.570000,1265.910000,1204.510000,1756.690000,1456.450000,1727.950000,1426.050000,1542.110000,1328.960000,1621.870000,1417.330000,1313.820000,1220.770000,1216.580000,1168.490000,1497.090000,1168.940000,1715.510000,1581.300000,1378.750000,1230.370000,1203.860000,1201.790000,1153.680000,1506.900000,1406.210000,1277.660000,1339.040000,1282.710000,1264.510000,1233.520000,1356.620000,1570.160000,1631.690000,1246.190000,1140.670000,1148.070000,1139.270000,1142.700000,1543.270000,1342.510000,1253.500000,1233.570000,1170.700000,1163.390000,1199.100000,1549.410000,1384.680000,1214.200000,1196.410000,1165.600000,1225.510000,1247.040000,1309.930000,1728.020000,1504.990000,1313.290000,1257.050000,28533.330000
12800,731.560000,811.780000,800.835000,942.860000,792.910000,729.495000,773.250000,635.960000,640.005000,789.945000,705.110000,644.785000,602.620000,609.020000,637.370000,778.405000,785.270000,792.390000,763.500000,628.695000,609.370000,597.285000,904.280000,856.315000,626.570000,588.095000,615.525000,631.430000,830.245000,765.560000,685.490000,680.010000,648.520000,619.010000,634.225000,959.045000,938.375000,639.290000,615.970000,634.205000,600.270000,608.495000,757.140000,710.025000,651.935000,607.605000,628.515000,632.090000,590.405000,760.065000,652.730000,623.290000,616.615000,627.470000,613.875000,1062.755000,695.075000,651.180000,759.085000,656.820000,28883.245000
19200,524.406667,451.003333,561.116667,502.736667,483.293333,472.666667,463.346667,454.636667,560.846667,476.260000,497.736667,417.830000,395.683333,537.066667,494.956667,457.560000,435.396667,424.096667,415.363333,406.606667,517.880000,474.236667,437.720000,523.060000,403.490000,490.413333,502.620000,484.073333,441.426667,426.200000,502.666667,421.016667,418.476667,559.396667,475.530000,446.643333,447.510000,438.426667,402.856667,527.836667,530.430000,432.023333,408.300000,423.440000,421.610000,459.510000,529.123333,466.700000,426.850000,418.580000,406.193333,405.783333,527.133333,469.213333,410.046667,406.100000,412.003333,408.686667,519.380000,472.386667,28943.536667
25600,362.147500,342.442500,320.435000,327.835000,436.622500,373.410000,357.387500,338.972500,331.700000,316.365000,401.215000,355.162500,376.485000,296.800000,295.952500,315.945000,378.302500,358.047500,461.310000,305.107500,300.097500,381.300000,430.287500,360.362500,302.337500,282.825000,299.342500,297.992500,373.607500,350.185000,376.525000,305.560000,316.582500,317.272500,430.950000,351.885000,338.077500,316.760000,326.882500,319.475000,375.655000,431.790000,305.452500,303.012500,305.032500,291.952500,288.620000,481.522500,419.000000,320.115000,318.185000,320.167500,303.955000,391.922500,422.635000,341.400000,404.700000,386.447500,313.402500,463.100000,28752.407500
32000,335.614000,286.758000,285.902000,299.540000,286.722000,344.230000,312.996000,297.268000,272.840000,295.378000,325.094000,292.722000,281.396000,256.644000,247.968000,254.240000,307.642000,289.310000,268.104000,259.126000,249.610000,308.962000,309.114000,341.136000,337.822000,252.956000,244.832000,249.220000,343.802000,285.106000,265.750000,289.112000,282.362000,279.116000,340.252000,373.860000,343.276000,255.212000,246.726000,252.780000,317.524000,288.442000,265.404000,262.904000,249.520000,247.014000,308.448000,288.188000,257.552000,243.556000,236.602000,253.774000,306.758000,284.220000,255.404000,252.666000,248.152000,308.046000,281.568000,294.998000,28526.326000
38400,251.808333,240.888333,227.723333,333.871667,241.456667,228.040000,291.210000,219.526667,227.671667,322.016667,291.805000,224.361667,202.063333,202.911667,306.018333,235.185000,206.625000,207.838333,204.653333,216.508333,265.076667,286.681667,213.608333,206.221667,201.456667,200.246667,320.033333,239.600000,218.091667,213.188333,226.331667,220.026667,331.450000,290.806667,224.613333,224.995000,211.410000,206.185000,315.165000,243.838333,210.676667,263.756667,218.335000,273.166667,331.703333,291.103333,219.613333,223.755000,209.213333,255.053333,260.456667,234.518333,213.220000,215.098333,210.585000,279.963333,319.350000,281.116667,260.925000,263.491667,28847.008333
44800,231.688571,243.188571,220.447143,211.152857,214.317143,199.835714,182.224286,242.061429,223.541429,251.994286,218.582857,220.222857,234.497143,206.988571,198.930000,194.502857,179.571429,185.347143,222.920000,212.291429,206.880000,211.177143,198.607143,194.237143,229.610000,206.595714,219.955714,187.737143,188.757143,235.704286,239.981429,225.445714,204.050000,237.132857,183.940000,275.460000,237.440000,198.654286,184.688571,225.220000,170.924286,202.197143,271.080000,204.954286,185.460000,183.151429,178.881429,230.277143,233.705714,202.322857,187.837143,189.315714,182.648571,249.437143,203.270000,194.188571,183.744286,180.271429,188.714286,302.722857,28949.494286
51200,200.391250,254.470000,168.771250,191.812500,242.277500,184.116250,165.572500,171.966250,172.563750,173.441250,244.191250,192.480000,160.891250,153.955000,191.167500,240.111250,193.738750,175.567500,161.306250,244.381250,251.565000,274.261250,212.340000,163.953750,156.876250,163.388750,247.471250,189.320000,168.320000,164.988750,164.660000,163.695000,235.618750,210.880000,161.245000,161.432500,199.833750,157.026250,231.610000,178.146250,194.608750,162.693750,156.711250,173.882500,231.957500,218.872500,204.273750,207.018750,153.965000,167.572500,264.018750,175.001250,165.346250,166.250000,164.466250,267.127500,174.890000,213.205000,247.176250,241.866250,28779.358750
57600,161.396667,180.711111,165.068889,175.523333,149.762222,148.040000,159.924444,169.596667,157.895556,147.080000,159.246667,187.580000,154.007778,160.662222,137.658889,135.452222,130.096667,169.883333,162.572222,151.037778,144.157778,145.921111,182.196667,186.907778,198.973333,147.043333,134.207778,141.331111,205.556667,165.510000,144.663333,138.636667,134.790000,131.253333,178.547778,159.065556,191.455556,148.397778,142.685556,134.165556,175.050000,158.382222,135.948889,135.831111,131.791111,154.677778,172.300000,161.761111,138.183333,130.508889,135.148889,190.138889,159.215556,147.654444,141.055556,138.386667,141.901111,174.186667,156.096667,146.878889,28669.163333
64000,150.766000,140.360000,191.250000,169.386000,153.848000,139.557000,129.682000,139.854000,171.040000,184.219000,138.262000,143.798000,125.917000,160.659000,167.597000,125.153000,123.223000,136.158000,168.341000,151.413000,142.190000,135.522000,136.836000,135.776000,160.237000,140.709000,124.506000,127.763000,123.970000,179.936000,176.118000,143.331000,130.546000,132.047000,127.630000,155.019000,136.850000,121.934000,126.789000,124.698000,125.383000,154.952000,171.984000,133.564000,132.115000,119.429000,168.525000,148.226000,135.861000,129.986000,125.541000,124.403000,156.985000,161.829000,136.198000,128.539000,138.873000,159.932000,144.164000,140.712000,28248.324000
128000,72.786000,85.098500,86.447000,84.718500,98.874000,72.817000,78.847000,75.771000,104.274000,85.889500,90.105000,76.041000,97.931500,76.134500,73.726000,68.855500,66.611500,72.663500,94.701000,75.028500,87.549000,85.078500,67.439500,98.017500,90.594000,76.888500,60.679500,77.213000,79.331500,72.705000,65.354000,65.507500,79.984500,93.985000,86.013500,66.971000,62.570000,62.685000,98.061000,74.816500,70.052500,66.527000,63.861000,79.668500,96.024500,78.051000,86.156000,67.286000,65.769500,92.613000,70.794000,80.818500,61.267000,65.631500,93.086000,87.497000,70.011000,79.827500,82.901000,93.531000,28396.997000
192000,61.636333,51.694000,53.361333,53.915667,66.049333,57.135000,48.103000,59.085333,64.159333,64.002333,60.047667,54.941333,44.998000,42.968333,53.764667,47.574667,43.983667,46.566000,43.669333,60.264000,56.519000,65.634333,58.662000,51.775000,55.805667,51.166000,51.202333,47.667333,48.148000,58.065667,49.987333,50.118667,47.287667,48.913000,56.659000,50.984667,49.097000,44.444667,41.428667,54.148667,60.620333,48.446000,45.354333,42.728000,52.738333,58.962667,46.749667,45.872333,53.689667,57.873333,49.335000,47.664667,43.474667,46.329000,57.808333,53.619333,59.519667,48.876000,48.606333,57.979000,28315.956667
256000,55.748250,36.528500,39.974000,36.331000,49.023000,41.213500,34.922750,51.845250,41.279250,48.346250,43.892500,42.067750,31.443500,39.732500,36.807750,34.366750,32.119250,32.412250,42.130750,41.652250,38.672000,35.122500,34.951750,42.084250,35.955750,32.122750,31.199500,32.038500,40.947250,37.819000,33.568750,31.975500,33.999250,41.137500,36.458250,33.902500,28.911000,31.737750,38.958500,35.945250,31.983250,34.451750,33.650500,44.148250,40.179500,35.292750,33.859500,38.538500,38.989750,35.355500,31.994250,33.946500,36.444750,47.586500,35.434250,33.998250,32.919000,39.548000,37.495000,36.137250,28554.292000
320000,34.669200,30.774400,41.102200,34.827200,36.118600,34.339000,33.146800,45.090600,40.449800,37.199800,35.815400,41.837400,29.880400,28.646200,27.154000,32.466000,33.161400,31.414600,28.558800,28.381000,27.509400,36.901400,31.809400,29.360600,25.630600,31.540600,41.157400,30.263000,30.346400,30.184200,34.946400,32.919000,29.268400,33.778600,26.867800,40.881800,37.085200,27.596000,29.752800,25.783800,32.893400,30.535800,27.181200,27.032800,26.719600,33.001200,29.810600,27.731800,26.329600,25.860400,38.745200,31.839800,28.771200,27.865800,35.126200,31.327200,30.632800,28.888200,27.499600,34.588400,28630.593800
384000,31.634167,25.011833,29.123167,27.812667,40.722000,29.125833,22.763500,33.199167,35.944500,32.999167,29.899000,30.210000,22.266333,26.864667,30.507167,22.347667,23.322333,29.062000,28.587167,27.206667,24.793500,24.487667,31.646667,26.674000,21.871833,21.395833,21.767500,26.985167,24.799667,22.621000,22.347500,27.818000,27.684167,24.951667,23.588000,22.377333,28.041167,24.527667,22.578667,22.808333,22.986167,29.551667,25.548833,24.141000,24.266500,23.780333,34.929333,26.477167,24.879833,22.626833,21.491167,30.513500,25.728833,22.722167,22.061500,22.488333,28.424333,27.031500,25.453667,24.295333,28793.011000
448000,30.489000,23.304143,28.244429,23.622571,27.365714,29.435429,23.522000,31.405143,28.045000,31.906000,31.179857,28.631714,18.711571,18.138429,24.691286,22.410000,20.925000,21.567571,23.017571,23.587857,23.091429,22.048714,20.509714,26.286000,20.513714,19.296000,18.545143,19.080857,27.798571,22.707714,20.831571,20.416143,20.908857,28.940286,25.481143,26.410571,24.246000,23.961571,21.801429,20.465714,19.032571,19.795143,23.767143,23.324857,22.268000,19.911714,24.017000,24.264000,20.518286,18.916857,19.831714,25.575143,23.170429,21.685571,24.416000,20.474143,24.854714,21.132429,19.718000,26.165571,28881.585429
512000,23.938500,20.252750,25.485375,22.022750,26.383000,26.052375,20.078125,28.854375,25.495250,28.649500,26.943875,25.274125,16.779125,17.515250,24.804375,20.565375,19.526625,21.696250,21.090125,20.506375,19.781125,18.094875,18.399375,22.455250,19.275250,17.558250,22.588625,18.080250,20.795125,19.809875,17.544375,17.735000,21.556750,20.619500,19.229125,17.951000,17.759375,25.933375,20.101250,18.624500,17.503625,17.377375,21.957875,19.966875,18.171625,16.780125,20.674625,20.448625,19.489625,17.934875,16.588250,22.143125,18.128625,17.315375,16.977125,21.512750,19.542750,17.777250,17.399375,18.624750,28999.625000
576000,23.646222,19.001222,23.628889,19.634889,27.132556,25.047444,16.082778,25.921111,24.575667,27.478111,25.176000,24.509333,18.747222,21.784111,17.980000,16.053111,15.921111,19.045667,17.123111,16.489333,15.644778,17.145556,20.964778,22.061556,15.632111,16.160556,17.274333,19.008667,17.070889,15.666444,15.102000,20.550444,18.741111,16.078333,16.757667,18.437222,18.287111,16.283333,15.553111,15.575333,18.452556,17.494667,15.539556,20.038444,16.346889,20.479667,18.600444,20.462444,15.426222,18.726000,17.292444,17.128667,16.648333,17.135111,19.200889,17.286444,16.896556,16.069556,19.064778,18.526111,29041.057000
640000,19.667700,15.521300,24.548500,21.447000,23.664700,18.663000,15.420500,28.835900,24.847300,26.265200,22.037800,25.722400,15.507100,15.134800,15.628400,14.269100,17.973000,16.296200,13.403500,14.311400,14.258700,17.441200,15.673800,14.972900,12.990800,16.321300,14.961400,14.301600,13.914400,14.334900,17.886700,16.426000,17.858000,13.582800,17.697400,17.233500,17.429500,14.419600,13.926500,16.784600,15.453200,14.281900,13.205300,14.417300,17.548500,15.664900,14.741000,13.882400,17.067300,15.212300,13.889800,14.935400,17.692600,18.335000,16.131400,15.362400,14.515600,17.752500,16.578900,15.352000,29206.682400
1280000,12.246250,13.601450,16.049200,11.944500,15.719650,12.586850,9.789300,18.021450,16.270850,15.396550,17.219400,16.460100,7.534000,7.654000,10.184050,9.003150,9.111250,9.007400,9.305500,9.170050,8.723200,8.322050,9.126400,10.027350,9.231450,7.870250,7.718750,9.388050,9.053550,9.425950,7.178550,9.700050,9.240950,8.604550,8.536750,10.244150,8.739200,8.182650,8.996350,8.488450,9.571100,10.919400,8.081350,7.835300,9.562450,8.965550,8.206100,8.035750,8.601150,8.875350,8.327850,10.052050,9.188000,9.674250,8.581000,8.148550,8.170650,10.119200,9.451700,9.048500,29526.850050
1920000,10.393267,9.477300,14.499500,9.567100,13.352967,10.844933,7.650033,16.602467,13.541367,15.774000,15.102467,14.660733,5.659400,7.336733,6.430867,5.755133,7.721633,7.226900,6.679467,6.993167,7.030800,6.650367,7.390600,6.948867,5.511433,5.313133,7.879833,6.323733,6.995300,5.875267,6.223267,6.175133,6.067267,5.816800,7.902433,6.565333,5.710600,6.089767,7.056333,7.055200,6.573633,6.028300,5.750367,7.177500,7.273167,6.042167,5.842033,7.048033,6.343867,6.787367,5.839367,6.718400,6.407767,7.104333,5.635933,6.923500,6.716367,6.418733,6.337767,7.350767,29782.358400
2560000,7.931700,8.353625,12.287200,9.604850,13.265475,8.860625,5.212300,14.943775,13.714150,13.183750,12.269625,13.416050,4.462200,4.302225,5.842450,5.636125,5.812600,5.018725,4.465400,6.220925,5.827225,5.354350,5.179175,6.265350,4.522025,5.117025,4.596200,5.388100,5.149200,4.505100,4.135400,5.358125,5.371175,4.930425,5.237050,5.883375,5.189950,4.832600,4.882425,5.286225,5.806300,5.207825,4.898800,5.139475,5.645350,5.100325,4.918650,4.867650,5.367625,5.626650,4.863925,5.625175,5.401000,5.777775,4.738750,5.080400,5.749675,5.034925,5.086575,5.877625,30136.101000
3200000,7.821780,6.961780,11.601780,8.008420,12.554140,8.648620,4.667360,14.642760,12.519000,12.563880,12.561300,13.289740,4.215880,4.102380,4.672100,4.757340,5.424800,5.134060,4.153060,5.409240,5.293900,5.302440,4.770640,5.488360,4.009040,3.565520,3.877760,4.622100,4.943000,4.045440,3.585380,4.767300,4.767100,4.358280,4.282820,4.902180,4.096680,3.851920,4.065180,4.951320,4.542580,4.422240,4.031680,4.956740,4.534720,4.160700,4.012840,4.868360,4.299800,3.899180,4.044060,4.813120,4.480840,4.952100,4.204880,4.867480,4.511040,4.054860,4.386240,5.082080,30179.349620
3840000,6.715067,6.465783,11.744867,8.780883,12.004967,7.928533,4.785133,14.069467,12.021800,12.448967,12.539233,12.169333,3.466800,3.303100,4.592717,3.883867,4.426717,3.950883,3.968267,5.064017,4.532767,4.236167,4.925183,4.810100,3.445100,3.670100,4.192150,3.884667,4.132583,3.975117,3.532783,3.974100,3.820083,4.260050,4.203667,4.064900,3.669117,4.127767,4.084483,3.822283,4.392033,4.259867,3.895200,3.903683,3.865833,4.210467,4.136850,4.140550,4.281233,4.282517,4.483167,3.874250,3.824367,5.013217,3.829517,3.705800,3.832100,4.963183,4.160833,4.423517,30364.928383
4480000,6.661986,6.079557,11.342500,7.855614,12.081386,8.293400,6.548500,15.821814,14.568900,14.245971,14.258414,14.533700,3.384471,3.093829,4.008171,3.954200,4.704929,3.550486,3.087914,4.358443,4.185657,3.995314,4.697286,5.021000,3.160586,3.084929,3.385557,3.752314,3.741929,3.460671,3.017829,3.967729,3.662243,3.931843,4.128500,3.895643,3.214771,3.206286,3.920943,3.595186,3.620429,3.643500,4.088186,4.040857,3.564800,3.924571,3.944857,3.703800,3.372486,3.293271,3.843600,4.172600,3.539657,3.487943,3.918843,3.781586,4.011214,4.394757,3.827543,3.814971,30657.506786
5120000,6.203375,6.586263,11.250488,7.279175,11.156937,8.070562,6.523700,15.220275,14.027487,13.593025,13.745212,13.859275,3.759350,3.083763,3.688875,3.624875,4.107125,3.945912,2.930337,3.758175,4.204237,4.170300,4.097275,4.542713,3.028138,2.787638,3.286800,3.434875,3.458275,3.107562,2.916113,4.156425,3.652637,3.716325,3.498438,3.796762,3.477712,2.973587,3.168225,3.447312,3.354550,3.618650,3.007738,3.594575,3.434638,3.318375,3.304562,4.003425,3.243725,3.619650,3.650475,3.486425,3.718400,3.459188,3.551112,3.374913,3.849175,3.728287,4.064750,3.792650,30659.455275
5760000,6.032033,5.973389,10.634756,7.212922,10.787311,7.408900,5.623067,14.452600,13.087944,12.828178,13.101933,12.968044,3.214278,2.879256,3.496822,3.071744,3.927233,3.199056,2.852856,3.491833,3.971389,3.617344,3.961744,3.889711,3.343811,2.754600,3.012044,3.016189,3.566622,3.561489,3.156533,3.417956,3.340289,3.464389,3.136322,3.484711,2.937800,3.152744,3.014622,3.265633,3.551411,3.246044,2.836033,3.378211,3.236244,3.031344,3.226800,3.540978,3.136200,3.068022,3.172100,3.360278,3.128256,3.133111,3.301178,3.324456,3.218467,3.191300,3.407200,3.266678,30807.874089
6400000,5.716390,6.446600,11.105510,7.263030,11.155050,7.394750,5.693320,14.752120,13.258570,13.143330,13.254860,13.238900,3.272420,3.060380,3.729570,3.950620,4.092330,3.215660,2.633130,3.766140,4.086980,3.859470,4.344210,4.478630,3.084040,2.650130,2.977470,3.697590,3.228470,2.889670,2.840750,3.590360,3.784660,3.414130,3.372690,3.700220,3.405040,2.725910,3.228790,3.420110,3.142840,3.011920,3.395620,3.715880,3.124740,3.144770,3.606880,3.380130,2.959640,2.916460,3.532620,3.024180,2.914640,3.447630,3.155290,3.327700,3.297420,3.850760,3.406350,3.339470,30930.864410
12800000,5.276495,5.550785,10.027760,6.696390,10.427230,6.780550,4.962070,11.779550,12.129865,11.971860,11.973825,12.120515,2.100670,2.019055,2.964485,2.524610,2.847450,2.492995,2.174070,2.806855,2.875375,2.858695,2.845545,2.911000,1.938980,2.028610,2.340540,2.284315,2.511925,2.425410,2.114240,2.395970,2.563290,2.375735,2.427755,2.605205,2.207785,2.141285,2.245870,2.240085,2.600915,2.387060,2.093445,2.513725,2.590565,2.302870,2.350215,2.734195,2.293025,2.411170,2.444965,2.298070,2.368935,2.332755,2.374605,2.375665,2.370255,2.470140,2.550785,2.345210,31642.886955
19200000,5.902960,6.182167,10.290643,6.956783,10.428480,7.028503,4.873420,11.658527,11.869223,11.676263,11.915193,11.933880,2.346683,2.202603,2.904677,2.434587,3.037607,2.609617,2.125853,3.051607,3.211313,3.040943,3.164993,3.173827,2.163837,2.240190,2.522190,2.512043,2.714707,2.485373,2.226170,2.690273,2.723247,2.646300,2.762843,2.643257,2.423290,2.391363,2.616663,2.413743,2.529773,2.567927,2.406297,2.505507,2.656210,2.648740,2.645630,2.645407,2.564653,2.564363,2.603727,2.593820,2.580127,2.633440,2.538153,2.574800,2.680627,2.608880,2.591130,2.599900,31962.174467
25600000,5.339783,5.893372,10.079873,6.891832,10.198702,6.828597,4.764672,11.526832,11.759955,11.588418,11.655095,11.769470,2.028342,1.869433,2.644547,2.330917,2.807428,2.371317,1.929758,2.716283,2.842103,2.667170,2.842967,2.777287,1.857522,1.930888,2.314278,2.124153,2.412488,2.146880,1.901098,2.342310,2.398885,2.308502,2.351752,2.360810,2.078648,2.083048,2.225315,2.194580,2.335723,2.217460,2.096080,2.272877,2.324255,2.311340,2.324533,2.323650,2.232263,2.220615,2.303362,2.294567,2.267190,2.276515,2.131032,2.341277,2.346575,2.320743,2.339010,2.285185,32191.185060
32000000,5.291504,5.943532,10.025838,6.751892,10.108798,6.814866,4.535542,11.409182,11.500006,11.308260,11.417274,11.533972,1.959868,1.808288,2.574708,2.208974,2.700212,2.227544,1.800604,2.578318,2.774848,2.638118,2.978940,2.797312,1.835808,1.850590,2.243120,2.068664,2.317192,2.074386,1.839172,2.270048,2.323406,2.242736,2.325440,2.326800,2.006710,2.024356,2.196878,2.126308,2.252316,2.132214,2.022826,2.218708,2.266486,2.219760,2.241550,2.256480,2.156324,2.131440,2.224962,2.210452,2.271146,2.195100,2.100000,2.243196,2.272506,2.241962,2.264402,2.278530,32332.703186
38400000,5.705505,6.460762,10.140878,6.924288,10.248508,7.162732,4.721015,11.471727,11.630650,11.500793,11.754975,11.598365,1.997915,1.939982,2.641735,2.310952,2.819090,2.328242,2.159602,3.017832,3.093353,3.020358,3.141720,3.155232,1.973360,1.927138,2.295480,2.130683,2.378622,2.129003,1.908323,2.299032,2.380753,2.297845,2.358092,2.378927,2.056007,2.071487,2.269502,2.130668,2.243852,2.175533,2.062687,2.261438,2.303055,2.259437,2.294287,2.315807,2.143898,2.147410,2.283885,2.250548,2.309078,2.254202,2.144833,2.291692,2.325657,2.284688,2.313317,2.328045,32522.552292
44800000,5.817149,6.451139,10.017131,6.927751,10.088721,6.929913,4.518186,11.257204,11.564104,11.257507,11.424727,11.431276,1.895391,1.849424,2.606056,2.210570,2.723414,2.241081,2.008456,2.881187,3.026133,2.913357,3.042857,3.011121,1.887076,1.822136,2.196917,2.024819,2.272777,1.984930,1.779159,2.215836,2.292621,2.214286,2.277157,2.286407,1.995736,1.980559,2.168994,2.090369,2.192374,2.087826,1.961119,2.168426,2.221633,2.167471,2.216263,2.215523,2.098357,2.151019,2.201801,2.165517,2.217043,2.160577,2.100516,2.203856,2.253831,2.209504,2.216556,2.231481,32622.826807
51200000,6.403903,6.902929,10.230031,7.307226,10.553418,7.442506,4.867826,11.465795,11.772993,11.872870,11.772955,12.697124,2.161833,2.106226,2.858893,2.480031,2.987534,2.501244,2.283090,3.098107,3.221526,3.094207,3.220490,3.225766,2.118531,2.095024,2.460851,2.281650,2.530417,2.298089,2.075355,2.480107,2.558832,2.466757,2.527074,2.550480,2.225775,2.204044,2.419576,2.337681,2.458466,2.347339,2.226674,2.438461,2.465799,2.435411,2.463599,2.475858,2.359524,2.362631,2.445931,2.417521,2.482099,2.432094,2.350408,2.464919,2.487676,2.454763,2.487631,2.484584,32811.027355
57600000,6.514143,6.965646,10.115150,7.447794,10.443460,7.537319,4.793771,11.441366,11.696054,11.508344,11.685339,11.660877,2.070703,2.062599,2.804231,2.444220,2.936909,2.492270,2.218230,3.046959,3.173023,3.062016,3.157013,3.162984,2.070444,2.038141,2.419333,2.250341,2.499482,2.306991,2.068076,2.437330,2.524922,2.447733,2.521206,2.518342,2.201194,2.200288,2.392909,2.327151,2.436208,2.319749,2.207444,2.417128,2.476673,2.414432,2.457193,2.456870,2.341526,2.337433,2.438993,2.392651,2.457028,2.402896,2.344980,2.416799,2.454772,2.428720,2.465190,2.496026,33018.292661
64000000,6.530868,6.878948,10.136662,7.527801,10.356002,7.717616,4.761654,11.336848,11.646953,11.474829,11.608177,11.607829,2.001034,1.969436,2.739404,2.368935,2.907780,2.388500,2.133389,2.931706,3.078661,2.951030,3.104779,3.110030,2.003226,1.983762,2.356540,2.184891,2.401552,2.187537,1.950670,2.363509,2.432905,2.364690,2.432631,2.440759,2.121171,2.107622,2.318488,2.227741,2.366851,2.240775,2.120499,2.324504,2.371267,2.329722,2.365763,2.370483,2.255738,2.259232,2.344170,2.318888,2.379760,2.290187,2.260856,2.330248,2.385791,2.354259,2.386787,2.350664,33123.536300
128000000,7.207825,7.224420,10.124712,7.793507,10.295084,7.981572,4.668671,11.336709,11.486527,11.391910,11.455698,11.531445,1.940406,1.952649,2.709467,2.335126,2.848208,2.385689,2.112496,2.888041,3.019260,2.886668,3.011610,3.073198,1.926424,1.923684,2.310288,2.116402,2.386601,2.132446,2.013495,2.430353,2.496324,2.403260,2.483774,2.512197,2.090564,2.082421,2.287999,2.185731,2.310860,2.280624,2.085732,2.304242,2.318807,2.282011,2.323221,2.323090,2.216756,2.209103,2.299577,2.280918,2.338000,2.294713,2.208923,2.316353,2.343084,2.322263,2.319231,2.360585,33967.669156
192000000,7.306809,7.355551,10.051342,7.747706,10.308043,8.051458,4.640300,11.435120,11.425963,11.286809,11.429830,11.429161,1.968964,2.026386,2.695431,2.342666,2.828915,2.377749,2.089039,2.888530,2.997910,2.902031,2.993636,2.995925,1.913701,1.919931,2.311111,2.114981,2.372762,2.123388,2.003382,2.388009,2.464443,2.372479,2.465600,2.442215,2.065967,2.072511,2.273200,2.177328,2.305376,2.184217,2.136317,2.338513,2.393632,2.332068,2.371449,2.351319,2.202633,2.195882,2.300298,2.274693,2.324724,2.263729,2.208064,2.319324,2.306326,2.280208,2.306235,2.325318,34529.217228
256000000,7.291329,7.428572,10.063071,7.768757,10.309053,7.966924,4.623385,11.259453,11.427675,11.251895,11.410068,11.436515,1.944264,2.013046,2.690836,2.352227,2.809017,2.379264,2.073868,2.850062,2.983867,2.851712,2.983884,3.004502,1.907015,1.901149,2.303080,2.110125,2.368518,2.130916,1.997582,2.380338,2.455966,2.366116,2.462185,2.461598,2.071834,2.069015,2.259339,2.170803,2.304670,2.181710,2.116038,2.309009,2.355078,2.319904,2.353417,2.354296,2.205832,2.202971,2.296239,2.282937,2.319843,2.260707,2.185166,2.303395,2.301168,2.298065,2.322698,2.308556,34685.816318
320000000,7.299334,7.756110,11.859271,9.623491,12.116477,9.951009,6.415856,13.049816,13.227324,13.027573,13.200195,13.227461,2.231996,2.349880,2.690889,2.354343,2.811366,2.405520,2.100258,2.878183,2.990089,2.916413,2.982843,2.988592,1.938041,1.973277,2.298346,2.141600,2.367889,2.143184,2.002721,2.395010,2.468631,2.377556,2.451019,2.470028,2.092982,2.083393,2.264030,2.162244,2.294791,2.214542,2.130075,2.301753,2.352748,2.324882,2.381112,2.366132,2.213874,2.209243,2.294565,2.266997,2.334637,2.258011,2.267490,2.345790,2.366735,2.338586,2.357701,2.456285,35070.362169
384000000,7.231181,7.717543,11.836165,9.612650,12.106130,9.920653,6.389192,13.008124,13.208282,13.000667,13.197660,13.172994,2.221779,2.343736,2.666851,2.372251,2.790034,2.419758,2.057220,2.837924,2.960679,2.822677,2.951064,2.960994,1.922589,1.948419,2.272357,2.117362,2.350515,2.131549,1.971283,2.375615,2.438660,2.358231,2.429387,2.435305,2.047713,2.069528,2.239201,2.167959,2.280719,2.173491,2.096194,2.291274,2.308690,2.283242,2.323913,2.330004,2.179479,2.180827,2.269805,2.242917,2.294948,2.238354,2.209607,2.312586,2.334698,2.304638,2.328926,2.334840,35095.898467
448000000,7.251183,7.751017,11.922874,9.622508,12.113216,9.964440,6.410423,13.027860,13.194748,13.012019,13.177201,13.179883,2.334935,2.384224,2.675476,2.401095,2.800323,2.431853,2.065963,2.842946,2.975894,2.833242,2.963751,2.965880,1.911832,1.968216,2.282485,2.124864,2.353383,2.140540,1.981798,2.374007,2.447902,2.362549,2.438422,2.453887,2.059648,2.081397,2.251063,2.182178,2.286531,2.188080,2.109086,2.302124,2.344274,2.300332,2.337799,2.343453,2.193541,2.193563,2.288270,2.250956,2.303562,2.253989,2.213505,2.313255,2.338371,2.303379,2.330543,2.340700,35417.496912
512000000,7.190173,7.774927,11.876756,9.532283,12.052698,9.829529,6.315470,12.940322,13.114754,12.936488,13.189217,13.096874,2.328923,2.376527,2.669610,2.405450,2.775560,2.468469,2.046649,2.866020,2.957105,2.810112,2.949518,2.959455,1.889314,1.972381,2.274130,2.125196,2.340285,2.149924,1.964272,2.397200,2.419044,2.378162,2.414970,2.435449,2.052475,2.080110,2.232629,2.172928,2.274723,2.189079,2.094557,2.290596,2.323135,2.270062,2.309281,2.311659,2.168831,2.186227,2.270090,2.236915,2.288739,2.225993,2.201031,2.299884,2.328920,2.295091,2.319772,2.352374,35696.865543
576000000,7.153372,7.623976,11.867491,9.523781,12.128409,9.859285,6.283776,13.165208,13.072920,12.888299,13.069698,13.063620,2.369438,2.394426,2.677341,2.431369,2.807241,2.440703,2.054733,2.826563,2.988042,2.834267,2.946598,2.957052,1.910713,1.993841,2.273303,2.131616,2.342488,2.145264,1.987635,2.368578,2.434633,2.351979,2.421495,2.436980,2.058580,2.078147,2.236964,2.170072,2.273381,2.179577,2.100894,2.291627,2.329875,2.280489,2.321853,2.330035,2.177629,2.179259,2.283370,2.239846,2.288622,2.240777,2.207611,2.335069,2.333305,2.300182,2.365051,2.332145,35820.893898
640000000,7.132644,7.612568,11.839468,9.497510,12.116623,9.799135,6.256526,12.871245,13.048628,12.874543,13.032910,13.037441,2.389896,2.392041,2.675036,2.442505,2.791540,2.464341,2.056593,2.829225,2.950283,2.820711,2.947405,2.955996,1.909934,1.983465,2.275546,2.140521,2.338719,2.168261,1.975739,2.357382,2.447902,2.351279,2.423502,2.435378,2.057358,2.092932,2.233081,2.170803,2.269841,2.174950,2.093986,2.282938,2.325791,2.294312,2.316689,2.324996,2.176293,2.179746,2.266305,2.239559,2.290173,2.242905,2.204152,2.299121,2.325478,2.291413,2.320187,2.325512,35919.886100
1280000000,7.103734,7.603918,11.859404,9.487911,12.142138,9.794412,6.240996,12.847266,13.052692,12.844839,13.003784,13.047301,2.409032,2.410290,2.661688,2.429208,2.800205,2.469439,2.043023,2.812730,2.927230,2.805206,2.930534,2.959953,1.988102,2.006190,2.278261,2.155365,2.330559,2.158393,1.967008,2.345566,2.418738,2.343844,2.412368,2.418541,2.059137,2.089102,2.222379,2.153244,2.263404,2.159783,2.082483,2.271134,2.312128,2.267552,2.307990,2.313659,2.171385,2.178442,2.258009,2.216074,2.278844,2.223596,2.204190,2.283631,2.305785,2.275916,2.305598,2.302577,37150.134529
1920000000,7.077264,7.567691,11.832022,9.440854,12.117448,9.756825,6.201813,12.810996,12.976960,12.804794,12.973808,12.970356,2.428281,2.432004,2.673577,2.442549,2.785584,2.495073,2.053233,2.820077,2.951988,2.813823,2.937310,2.945131,2.015297,2.031368,2.272563,2.162291,2.342780,2.188179,1.969182,2.346878,2.416565,2.340487,2.419802,2.417147,2.089593,2.109296,2.234272,2.166375,2.265976,2.174564,2.091679,2.275443,2.315254,2.272654,2.310030,2.313333,2.174098,2.184182,2.261994,2.228211,2.280758,2.233950,2.194719,2.283920,2.319021,2.278937,2.303717,2.308126,37963.494561
2560000000,6.985645,7.476558,11.764104,9.340756,12.064230,9.675779,6.113202,12.812919,12.917379,12.790244,12.881757,12.886346,2.403660,2.454553,2.948021,2.696834,3.031739,2.762505,2.291820,3.061455,3.183582,3.055356,3.184189,3.183044,2.133962,2.133479,2.257027,2.144788,2.324512,2.171526,1.954964,2.332599,2.406501,2.331342,2.403919,2.404019,2.083674,2.097191,2.225407,2.165212,2.253467,2.172839,2.073145,2.255656,2.299620,2.255285,2.293294,2.295544,2.163353,2.180898,2.247166,2.212513,2.270154,2.215388,2.182514,2.272984,2.291221,2.266185,2.294118,2.292517,38835.312055
3200000000,7.024715,7.501450,11.780752,9.380117,12.077816,9.686405,6.143276,12.753675,12.924802,12.735149,12.942595,12.927433,2.422051,2.462279,2.960235,2.706688,3.047455,2.764337,2.301394,3.070297,3.197910,3.075951,3.193864,3.211082,2.147437,2.149895,2.281779,2.162459,2.337768,2.186556,1.979530,2.342267,2.416691,2.346332,2.411219,2.414004,2.156755,2.111382,2.231984,2.195329,2.268867,2.202014,2.090556,2.271864,2.309728,2.271037,2.306432,2.314321,2.178997,2.201336,2.263203,2.237433,2.282269,2.245510,2.193343,2.292112,2.307266,2.282349,2.310327,2.304604,39150.240821
3840000000,6.971659,7.464976,11.753203,9.338804,12.040120,9.670927,6.102332,12.726054,12.864046,12.695066,12.862995,12.866644,2.391412,2.445658,2.945463,2.695425,3.039728,2.742518,2.285198,3.047654,3.175936,3.048282,3.169555,3.179766,2.136570,2.137758,2.257151,2.149973,2.321610,2.189002,1.952545,2.326551,2.398693,2.331652,2.395022,2.397313,2.096129,2.101672,2.218841,2.174181,2.256284,2.196961,2.072886,2.256564,2.296131,2.253775,2.294354,2.298358,2.180188,2.195512,2.248496,2.218181,2.267462,2.224087,2.182952,2.275841,2.292278,2.265658,2.290381,2.292280,39478.866207
4480000000,6.970838,7.449123,11.751179,9.320576,12.047084,9.650342,6.091716,12.694158,12.859986,12.691968,12.856482,12.860228,2.396952,2.454180,2.951777,2.700472,3.042827,2.751860,2.287477,3.059095,3.176942,3.052861,3.179392,3.175866,2.133686,2.155501,2.399207,2.281970,2.455364,2.311656,2.080170,2.454135,2.533131,2.453599,2.527146,2.528449,2.164683,2.160477,2.223728,2.167958,2.267731,2.183149,2.071574,2.261671,2.300032,2.261435,2.293219,2.307775,2.189008,2.189620,2.256856,2.226873,2.270274,2.229234,2.182965,2.268778,2.294190,2.266023,2.290197,2.292597,39851.048496
5120000000,7.313808,7.481653,11.759806,9.341088,12.050967,9.636480,6.142616,12.709706,12.870418,12.716100,12.870431,12.870665,2.411774,2.467865,2.958704,2.717589,3.053875,2.762552,2.300160,3.061298,3.202169,3.061730,3.189415,3.189770,2.142936,2.174616,2.410390,2.293370,2.461211,2.325449,2.092867,2.464439,2.543934,2.463431,2.537254,2.538008,2.170924,2.169567,2.230927,2.178237,2.263742,2.191014,2.080619,2.266572,2.305237,2.264536,2.302493,2.304125,2.191990,2.204506,2.257784,2.242173,2.279495,2.241431,2.188797,2.284694,2.300634,2.279831,2.299263,2.305762,40108.826788
5760000000,6.940200,7.439575,11.734695,9.296249,12.017159,9.592276,6.069856,12.692657,12.837919,12.680039,12.839065,12.840331,2.393275,2.454506,2.949903,2.700565,3.043358,2.749531,2.283184,3.050306,3.175736,3.048531,3.171462,3.180372,2.132880,2.159459,2.397993,2.277270,2.456670,2.309769,2.076138,2.463137,2.525705,2.452271,2.531016,2.526689,2.160713,2.161756,2.222669,2.171574,2.255743,2.185642,2.075932,2.254300,2.302597,2.256216,2.292265,2.296910,2.189924,2.191638,2.247433,2.230557,2.270980,2.247229,2.179132,2.268379,2.293753,2.269022,2.290078,2.297650,40334.336942
6400000000,6.936928,7.429985,11.720444,9.280353,11.993526,9.625583,6.059573,12.693689,12.823987,12.667254,12.831949,12.829969,2.394714,2.449078,2.950589,2.697962,3.042679,2.750078,2.283469,3.045573,3.172416,3.043107,3.174623,3.186808,2.131364,2.157556,2.399585,2.285112,2.459548,2.308872,2.076590,2.456622,2.525923,2.455461,2.529450,2.528133,2.161035,2.161989,2.219298,2.166315,2.253414,2.180108,2.069787,2.254233,2.292796,2.254247,2.290973,2.295357,2.187207,2.188984,2.246106,2.225425,2.267328,2.232927,2.183676,2.267891,2.295764,2.266661,2.289516,2.290268,40417.174679
12800000000,6.916306,7.407271,11.698584,9.275589,11.973777,9.565364,6.052514,12.643812,12.809252,12.639957,12.802738,12.807158,2.392495,2.449311,2.956084,2.695097,3.046368,2.747606,2.280811,3.041965,3.167999,3.045122,3.169113,3.168337,2.129726,2.162173,2.409627,2.280547,2.462990,2.308723,2.076263,2.453054,2.521561,2.459434,2.532848,2.531354,2.166875,2.180099,2.297591,2.244285,2.331524,2.255318,2.142083,2.324468,2.362616,2.325303,2.363137,2.364619,2.229989,2.233323,2.256024,2.236850,2.278512,2.241909,2.188068,2.274746,2.299811,2.273501,2.299536,2.298374,42000.696794
19200000000,6.878866,7.370509,11.680424,9.233794,11.934214,9.569011,6.018970,12.601454,12.759624,12.626958,12.773055,12.775952,2.382288,2.459854,2.957332,2.702237,3.057709,2.752902,2.288630,3.053323,3.179212,3.051117,3.174318,3.178289,2.141052,2.169637,2.413828,2.291317,2.472206,2.316929,2.086672,2.461850,2.532550,2.463024,2.533612,2.532555,2.172132,2.188714,2.305788,2.246429,2.335798,2.260736,2.145410,2.333191,2.367717,2.333908,2.366793,2.367369,2.236063,2.247046,2.295662,2.272555,2.314059,2.282346,2.224481,2.311870,2.333852,2.308804,2.333879,2.336213,42926.346081
25600000000,6.879824,7.360052,11.670842,9.219777,11.918789,9.537312,6.008072,12.598230,12.758849,12.595964,12.791054,12.761396,2.386804,2.441292,2.944929,2.698769,3.048302,2.754719,2.286123,3.048972,3.175704,3.048045,3.175044,3.172720,2.134715,2.164305,2.408068,2.287230,2.467832,2.316264,2.082130,2.458562,2.526744,2.455282,2.528467,2.527019,2.167260,2.184192,2.299082,2.240778,2.331104,2.256870,2.139785,2.323272,2.363856,2.328137,2.361494,2.363547,2.229438,2.236928,2.290005,2.272708,2.318206,2.279896,2.217963,2.305482,2.331269,2.303687,2.328442,2.330248,43467.199662
32000000000,6.860200,7.343078,11.665822,9.243136,11.928520,9.536178,6.040750,12.616109,12.810582,12.623461,12.786491,12.795778,2.393154,2.452829,2.955235,2.695526,3.047716,2.745543,2.284619,3.044426,3.169283,3.044826,3.170298,3.171143,2.131802,2.161491,2.407075,2.283222,2.469287,2.309976,2.078429,2.453525,2.524202,2.452883,2.523518,2.524965,2.167795,2.178854,2.300085,2.241386,2.327539,2.254060,2.137418,2.320950,2.359341,2.320608,2.358269,2.359372,2.228972,2.236829,2.290308,2.264436,2.309642,2.272245,2.215695,2.301827,2.325969,2.302568,2.324924,2.325210,44175.972000
38400000000,6.857906,7.333685,11.648250,9.199165,11.905980,9.532281,5.993162,12.578012,12.752783,12.594488,12.751996,12.758947,2.381443,2.442444,2.942238,2.684580,3.036115,2.737109,2.279367,3.029587,3.158913,3.034004,3.156178,3.156603,2.121306,2.150193,2.398003,2.274269,2.458681,2.300705,2.067481,2.442674,2.513504,2.443203,2.513913,2.514613,2.154952,2.169076,2.288875,2.231879,2.330810,2.245101,2.129410,2.310450,2.349209,2.311658,2.350258,2.349631,2.219567,2.226830,2.281744,2.256224,2.308601,2.263365,2.205703,2.292634,2.316630,2.294124,2.316721,2.316700,44769.622462
44800000000,6.902506,7.387852,11.679309,9.240712,11.925641,9.577822,6.053434,12.627616,12.801907,12.631185,12.785120,12.795453,2.392292,2.456472,2.953497,2.696308,3.048967,2.750245,2.284231,3.043220,3.170285,3.041455,3.172485,3.167998,2.132636,2.165763,2.410329,2.283760,2.467237,2.312067,2.080303,2.455364,2.531119,2.453761,2.524023,2.524017,2.165553,2.179889,2.300170,2.240737,2.330372,2.257201,2.139020,2.320811,2.359756,2.321127,2.360592,2.359883,2.229644,2.236631,2.292783,2.275342,2.310341,2.273432,2.216963,2.302096,2.327102,2.302652,2.327623,2.326919,45039.515199
51200000000,6.865653,7.500168,11.652508,9.212749,11.897475,9.499347,6.006739,12.589410,12.759601,12.593437,12.762299,12.756171,2.380268,2.444611,2.943344,2.686156,3.038143,2.734400,2.271013,3.031269,3.157625,3.030039,3.158228,3.157721,2.122602,2.154313,2.399343,2.274853,2.457791,2.300465,2.068730,2.443502,2.514484,2.444144,2.514826,2.515661,2.155160,2.170028,2.289613,2.231374,2.321890,2.244797,2.142821,2.311790,2.349430,2.312226,2.349470,2.349519,2.219395,2.227701,2.281246,2.256675,2.300632,2.264035,2.205715,2.293589,2.317352,2.292382,2.316449,2.317282,45307.614276
57600000000,6.881609,7.375432,11.670910,9.219022,11.906027,9.552430,6.027530,12.610944,12.784178,12.620212,12.779549,12.785754,2.392258,2.451116,2.952374,2.696203,3.050146,2.748728,2.282390,3.044278,3.169202,3.042323,3.170238,3.168790,2.132598,2.161692,2.408674,2.285447,2.467988,2.310995,2.083879,2.453587,2.524580,2.453247,2.524027,2.525016,2.165473,2.179635,2.299178,2.241469,2.332652,2.254430,2.138944,2.322162,2.359967,2.329966,2.359956,2.359680,2.230099,2.237311,2.291366,2.266975,2.314496,2.273242,2.221574,2.303770,2.327562,2.302705,2.327463,2.327900,45582.483764
64000000000,6.862493,7.335939,11.657042,9.215678,11.892060,9.540973,6.012147,12.583785,12.756425,12.592638,12.748587,12.770873,2.394264,2.438737,2.942835,2.686514,3.039024,2.736903,2.278785,3.030666,3.158650,3.038467,3.157755,3.157387,2.121908,2.151086,2.400415,2.275557,2.458708,2.301740,2.067834,2.443644,2.514842,2.444358,2.515007,2.514794,2.155486,2.170136,2.289313,2.230398,2.320971,2.246981,2.128464,2.313153,2.351905,2.312320,2.349869,2.350306,2.220266,2.227645,2.282070,2.257663,2.302778,2.265831,2.207148,2.293220,2.317938,2.292481,2.317218,2.316938,
