Elements,fixed[F],fixed[$\ell$],byte[F],byte[$\ell$],bit[F],bit[$\ell$],fixed[$16$]fixed,byte[$16$]byte,bit[$16$]bit,fixed[$16$]byte,fixed[$16$]bit,byte[$16$]bit,fixed[$16$]fixed,byte[$16$]byte,bit[$16$]bit,fixed[$16$]byte,fixed[$16$]bit,byte[$16$]bit,fixed[$20$]fixed,byte[$20$]byte,bit[$20$]bit,fixed[$20$]byte,fixed[$20$]bit,byte[$20$]bit,fixed[F]_16,fixed[$\ell$]_16,byte[F]_16,byte[$\ell$]_16,bit[F]_16,bit[$\ell$]_16,fixed[$16$]fixed_16,byte[$16$]byte_16,bit[$16$]bit_16,fixed[$16$]byte_16,fixed[$16$]bit_16,byte[$16$]bit_16,fixed[$16$]fixed_16,byte[$16$]byte_16,bit[$16$]bit_16,fixed[$16$]byte_16,fixed[$16$]bit_16,byte[$16$]bit_16,fixed[$20$]fixed_16,byte[$20$]byte_16,bit[$20$]bit_16,fixed[$20$]byte_16,fixed[$20$]bit_16,byte[$20$]bit_16,fixed[F]_32,fixed[$\ell$]_32,byte[F]_32,byte[$\ell$]_32,bit[F]_32,bit[$\ell$]_32,fixed[$16$]fixed_32,byte[$16$]byte_32,bit[$16$]bit_32,fixed[$16$]byte_32,fixed[$16$]bit_32,byte[$16$]bit_32,fixed[$16$]fixed_32,byte[$16$]byte_32,bit[$16$]bit_32,fixed[$16$]byte_32,fixed[$16$]bit_32,byte[$16$]bit_32,fixed[$20$]fixed_32,byte[$20$]byte_32,bit[$20$]bit_32,fixed[$20$]byte_32,fixed[$20$]bit_32,byte[$20$]bit_32,fixed[F]_64,fixed[$\ell$]_64,byte[F]_64,byte[$\ell$]_64,bit[F]_64,bit[$\ell$]_64,fixed[$16$]fixed_64,byte[$16$]byte_64,bit[$16$]bit_64,fixed[$16$]byte_64,fixed[$16$]bit_64,byte[$16$]bit_64,fixed[$16$]fixed_64,byte[$16$]byte_64,bit[$16$]bit_64,fixed[$16$]byte_64,fixed[$16$]bit_64,byte[$16$]bit_64,fixed[$20$]fixed_64,byte[$20$]byte_64,bit[$20$]bit_64,fixed[$20$]byte_64,fixed[$20$]bit_64,byte[$20$]bit_64,Prezza
640,18.411087,17.902852,17.989562,18.345198,19.064402,18.567960,19.563912,20.040479,20.655185,20.317117,19.658951,20.455111,20.342955,18.327534,18.359834,18.297158,18.555730,18.986276,18.901068,21.018928,20.667471,21.399537,21.380421,20.581477,20.874498,21.333608,18.272880,18.475032,18.380039,18.510441,18.949835,18.944420,20.947055,20.602401,21.430347,20.995376,20.619575,21.449590,21.000273,18.409557,18.716359,18.330735,18.840109,19.001453,19.086375,20.671630,20.801656,21.686227,21.076789,20.942480,20.804996,21.156484,31.014465
1280,18.298869,17.773752,17.930675,18.272555,19.001661,18.562313,19.580032,19.998316,20.612686,20.370370,19.667163,20.446286,20.329615,18.212081,18.419892,18.355972,18.566205,18.893082,18.822481,20.927054,20.547120,21.330883,21.273822,20.591450,20.835612,21.317412,18.329125,18.417630,18.341143,18.452541,18.892037,18.796131,21.024231,20.573583,21.307619,20.864414,20.586678,21.302161,20.864210,18.285959,18.711534,18.258293,18.758209,18.959365,18.994065,20.584353,20.773417,21.633721,21.136991,20.907939,20.805710,21.175560,32.864137
1920,18.303641,17.876686,17.909378,18.299571,18.972093,18.817782,19.530765,20.039128,20.432929,20.043492,19.465459,20.903666,20.056595,18.132722,18.203819,18.125847,18.346324,18.652953,18.605437,20.680472,20.349564,21.120217,21.032547,20.326624,20.585513,21.108240,18.084446,18.180762,18.096918,18.209086,18.665968,18.599336,20.698591,20.353801,21.188972,20.716127,20.339782,21.110273,20.684629,18.075337,18.491418,18.164317,18.563813,18.765884,18.790247,20.373705,20.480158,21.429906,20.979177,20.697212,20.602765,20.893357,33.347671
2560,18.094608,17.694262,17.714640,18.085962,18.802287,18.318542,19.344390,19.734479,20.371608,20.105795,19.448646,20.189197,20.066386,18.073183,18.187363,18.113924,18.338287,18.650728,18.629230,20.677421,20.331758,21.134485,21.070927,20.348282,20.604707,21.052593,18.097903,18.247665,18.149092,18.219667,18.669450,18.635844,20.671896,20.351647,21.136294,20.684823,20.338552,21.155242,20.668101,18.093533,18.489057,18.111745,18.555758,18.745693,18.815812,20.370963,20.507503,21.387780,20.885550,20.677654,20.606008,20.889862,33.977175
3200,18.130747,17.649589,17.713489,18.080279,18.807211,18.484859,19.333152,19.714840,20.373560,20.081150,19.490641,20.221701,20.093442,18.070485,18.210351,18.178283,18.326837,18.683054,18.600254,20.720689,20.358955,21.144607,21.139923,20.323305,20.612816,21.053653,18.077919,18.197187,18.113188,18.207845,18.657779,18.618052,20.718560,20.337494,21.118332,20.651514,20.336160,21.116040,20.671589,18.075453,18.495887,18.238954,18.549844,18.748343,18.800246,20.385883,20.504070,21.381428,20.896908,20.691142,20.610361,20.885652,34.606750
3840,18.114971,17.675514,17.751490,18.070882,18.824596,18.317948,19.344720,19.710483,20.395691,20.048403,19.463791,20.212145,20.111359,18.083649,18.238517,18.104018,18.362227,18.677528,18.679644,20.645581,20.313444,21.127737,21.057579,20.285190,20.633443,21.060989,18.092874,18.196174,18.064743,18.286790,18.668514,18.635452,20.587425,20.376281,21.193898,20.682208,20.369922,21.266952,20.676851,18.093133,18.496233,18.101935,18.566014,18.788132,18.801449,20.364338,20.515203,21.401815,20.942073,20.705067,20.601071,20.892204,35.601369
4480,19.033128,18.690265,18.773301,19.125841,19.701648,19.362851,20.172645,20.458166,21.301063,20.973062,20.538665,21.029843,20.867871,19.159425,19.131902,18.990374,19.205182,19.595914,19.761802,21.170372,21.056299,21.824785,21.762774,21.161366,21.421660,21.782668,19.158600,19.091002,19.021964,19.122599,19.605483,19.549899,21.112372,21.072061,21.808614,21.436891,21.176550,21.716225,21.479971,19.171882,19.298142,19.003794,19.538154,19.626045,19.636824,21.196132,21.348020,22.188031,21.636198,21.360482,21.371835,21.643001,36.365756
5120,20.608801,20.066530,20.253504,20.574383,21.004672,20.857991,21.410549,21.629432,22.628646,21.972825,21.809186,22.211268,22.047610,20.542066,20.379758,20.321338,20.390704,20.893032,20.751596,22.263292,22.118604,22.840726,22.786336,22.260603,22.525783,22.831077,20.451619,20.487891,20.290321,20.322889,20.867200,20.852064,22.192742,22.113157,22.852719,22.450403,22.320561,22.804448,22.407943,20.506521,20.470312,20.292414,20.796399,20.837193,20.864151,22.416110,22.493098,23.279811,22.816886,22.406528,22.357645,22.832362,37.237938
5760,21.367993,21.211184,21.376239,21.757094,22.123928,22.032424,22.427696,22.643486,23.851321,22.920474,22.929706,23.238233,22.949669,21.636730,21.448837,21.400028,21.477652,22.048903,21.814139,23.181562,23.046643,23.783197,23.611470,23.185191,23.596279,23.614247,21.688100,21.701668,21.367355,21.380872,21.918817,21.925657,23.089257,23.017505,23.775355,23.252959,23.175189,23.418524,23.255496,21.601386,21.508208,21.394302,21.797783,21.918239,21.946837,23.400999,23.355671,24.155239,23.862208,23.197357,23.209093,23.843922,38.248157
6400,22.206074,22.160889,22.365989,22.673514,22.998048,23.017660,23.324153,23.556280,24.698418,23.703936,23.849283,24.106628,23.701932,22.537685,22.339128,22.398387,22.347115,22.956488,22.776729,23.995072,23.738110,24.511051,24.318784,24.019869,24.363203,24.337388,22.540769,22.538829,22.282011,22.399770,22.835849,22.858831,24.144393,23.827711,24.638506,23.993068,23.987870,24.163581,23.957942,22.632406,22.384171,22.295779,22.660255,22.827632,22.794021,24.095468,24.113020,24.848174,24.583888,23.982564,23.963118,24.566230,38.847193
12800,22.068646,22.776126,23.515051,23.611270,24.507217,24.771354,24.353496,25.186579,26.002473,25.723880,25.475123,25.821109,25.681041,26.306803,26.117835,26.595002,26.178300,26.668888,26.702500,27.616087,27.326602,27.661420,27.565031,27.324045,27.252427,27.600350,26.163778,26.220167,26.078794,26.133752,26.374113,26.653244,27.557159,27.467027,27.757222,27.458617,27.463482,27.498300,27.504902,26.400449,26.080044,26.061133,26.523797,26.558837,26.446225,27.506075,27.461296,27.720726,27.577564,27.401261,27.327214,27.574298,47.364067
19200,22.709824,23.218362,24.100793,24.138605,24.625796,24.976412,24.427006,25.479741,26.643188,26.119525,26.123206,26.367534,26.106873,27.685414,27.537598,28.228799,27.784344,28.197726,27.966303,29.012098,28.644038,29.052995,28.929239,28.666505,28.525803,28.954541,27.691139,27.775067,27.780180,27.584469,27.869487,28.118812,28.891927,28.903918,28.946074,28.824812,28.921884,28.431312,28.827606,27.640290,27.629183,27.761375,27.643689,28.102475,27.977282,28.854393,28.858117,29.192316,29.007425,28.809946,28.491380,28.987130,51.912348
25600,23.844075,24.258423,25.071418,25.144369,25.457162,25.922813,25.150212,26.230407,27.211005,26.890020,26.595635,27.103583,26.929843,28.545776,28.464554,29.149809,28.529462,28.930237,28.795363,29.718083,29.747893,29.661370,29.803919,29.597786,29.039044,29.741427,28.467727,28.621204,28.590342,28.481852,28.674067,28.901578,29.848345,29.805364,29.711460,29.224175,29.685693,28.827181,29.234872,28.560366,28.587978,28.582674,28.511579,28.743162,28.766412,29.738314,29.629353,29.485884,29.697031,29.751898,29.179634,29.700017,52.816736
32000,24.859183,25.358974,26.427095,26.603189,26.841190,27.197996,26.157095,27.258776,28.005576,27.799055,27.405537,27.972792,27.807231,29.175407,28.940737,29.507538,29.005127,29.424293,29.387375,30.254847,30.169128,30.290499,30.103992,30.110088,29.376695,30.105045,28.907457,29.196504,29.166387,28.994030,29.319472,29.420215,30.429362,30.316332,30.213949,29.769826,30.329853,29.244499,29.831015,29.181319,29.156289,29.200544,29.084955,29.188582,29.470972,30.421117,30.206716,29.946653,30.203755,30.199042,29.661452,30.187480,55.963960
38400,24.888725,25.283723,26.165441,26.463429,26.644844,26.993310,26.065573,27.213963,28.036104,27.830263,27.419464,27.859330,27.833475,29.522847,29.355786,29.801548,29.349073,29.729591,29.802016,30.656795,30.489442,30.585022,30.321899,30.733159,29.730149,30.325784,29.280775,29.643944,29.596959,29.346296,29.642777,29.722833,30.810047,30.515656,30.730393,30.175477,30.799722,29.736658,30.187568,29.549219,29.560307,29.582522,29.454277,29.471384,29.906285,30.708550,30.682386,30.395224,30.705312,30.547190,30.080088,30.592712,56.148156
44800,24.344491,24.984680,26.308099,26.575674,26.714891,27.150560,25.964994,27.100076,27.773321,27.578686,27.191245,27.744570,27.574882,29.765317,29.637831,30.075812,29.383323,29.841941,30.025209,31.062616,30.748570,31.086738,30.326561,30.867785,30.201336,30.323074,29.547685,29.906148,29.751050,29.544265,29.899306,29.870909,31.032932,30.410868,31.231890,30.473555,31.256616,30.186713,30.420890,29.795852,29.788871,29.752433,29.742153,29.774508,30.052765,30.991953,30.982163,30.850992,31.042714,30.569048,30.510441,31.047746,57.039886
51200,24.564657,25.146192,26.599090,27.015024,27.063274,27.496751,26.132992,27.485573,28.189619,27.964270,27.563477,28.130131,27.962477,30.089982,29.845102,30.305600,29.684758,30.112788,30.474880,31.242391,31.046453,31.325182,30.557473,31.222278,30.684127,30.598626,30.004282,30.235926,29.980399,29.840119,30.230068,30.196564,31.191857,30.772515,31.683992,30.793377,31.637970,30.638616,30.768099,30.128219,30.078556,29.983479,30.115460,30.168048,30.305198,31.319243,31.293132,31.255956,31.360451,30.796040,30.781534,31.304126,58.257872
57600,24.672335,25.243797,26.813865,27.247229,27.294434,27.724402,26.122255,27.723268,28.443093,28.197387,27.838808,28.398445,28.187182,30.368854,30.008124,30.404666,29.994389,30.361040,30.695722,31.554627,31.306672,31.617864,31.063013,31.394939,31.010634,30.943661,30.243503,30.430386,30.118003,30.073015,30.451068,30.510288,31.358313,31.039813,31.429522,30.975781,31.913080,31.016624,31.016128,30.365501,30.327779,30.148236,30.354597,30.340742,30.376016,31.531033,31.687491,31.491533,31.674737,31.168201,31.087737,31.739613,58.008054
64000,25.553378,25.837977,27.273059,27.778920,27.773800,28.210175,26.677237,28.108880,28.811605,28.616712,28.173808,28.855605,28.628617,30.644657,30.401204,30.558154,30.469787,30.727036,30.918755,31.957667,31.774235,32.104422,31.281154,31.593297,31.386460,31.319575,30.604076,30.562345,30.385668,30.441113,30.772351,30.922747,31.669804,31.302555,31.805250,31.357820,32.091098,31.212616,31.446683,30.624323,30.572958,30.442320,30.743415,30.697533,30.603257,31.768776,31.882265,31.789176,31.842607,31.867878,31.571417,31.936667,59.154744
128000,26.049455,26.723107,28.381180,28.815418,28.828712,29.065236,27.275109,28.959364,29.743413,29.514773,29.043134,29.548175,29.549399,33.289040,33.446128,33.980560,33.860521,34.352408,34.518227,34.356733,34.416455,34.821183,34.840499,34.452964,34.847644,34.853399,32.858290,33.327189,33.099426,33.436729,33.463023,34.327049,34.020215,34.195103,34.038848,34.289210,34.480519,34.661274,34.115438,32.747146,33.083686,33.136626,33.761059,33.592481,33.138113,34.437015,34.338903,33.955702,34.226018,33.991491,34.535947,34.175675,61.482893
192000,26.028129,26.807685,28.593624,28.946059,28.996981,29.320073,27.345976,29.166642,30.022194,29.744072,29.363760,30.308317,30.024446,32.982627,33.057836,33.575888,33.529420,33.774519,33.968079,33.814043,34.219926,34.478848,34.423760,34.337677,34.341853,34.447626,34.228056,34.395596,34.427013,34.533379,34.927424,35.518372,35.363746,35.598363,35.283012,36.029365,35.381566,35.952419,35.987455,35.577613,36.042918,36.028829,36.877023,36.879403,36.277397,37.396653,37.087404,36.605787,37.019483,37.015905,37.850402,37.024664,62.801755
256000,26.661409,27.267488,29.195349,29.687671,29.598541,29.972776,27.827230,29.764193,30.675010,30.275888,29.957397,30.349703,30.249023,33.707786,33.881435,34.348435,34.440657,34.716163,34.739907,34.643403,35.111536,35.429087,35.473630,35.149054,35.447948,35.546970,35.983560,36.131837,36.772144,37.120077,36.916759,37.739117,36.981623,37.808330,37.687449,38.380659,37.333482,38.409439,38.370441,38.470851,38.867283,38.767341,39.726507,39.732151,39.400763,40.686994,40.175339,40.158775,40.493420,40.148049,41.065406,40.500676,63.496619
320000,26.682105,27.267018,29.167913,29.717900,29.651445,30.083614,27.750589,29.802150,30.776814,30.265842,29.985549,30.341707,30.320725,33.279071,33.509463,33.984904,34.073823,34.327463,34.355953,34.232899,34.842969,35.151648,35.030901,34.774729,34.898649,35.014841,35.318883,35.625844,36.363894,36.626241,36.185534,37.138604,36.385834,37.356963,37.026853,37.331979,36.596388,37.453060,37.363594,38.321189,38.618526,38.488920,39.282630,39.525251,39.484339,39.662679,39.623581,39.391565,39.645290,39.635674,40.725421,39.694784,66.333813
384000,26.795328,27.393421,29.311782,30.020125,29.899390,30.311028,27.857962,29.920729,30.890521,30.489028,30.212856,30.609336,30.535691,33.680320,33.909856,34.482646,34.479571,34.880557,34.870646,34.687081,35.179195,35.714039,35.570264,35.032965,35.466379,35.633409,35.445833,35.542679,36.513563,36.811911,36.363788,37.249729,36.660274,37.477155,37.170761,37.584874,36.813226,37.492284,37.327287,38.801528,39.150051,39.476553,39.691443,40.138466,40.186644,40.014360,40.097806,40.189633,40.560619,40.398685,41.494439,40.454175,67.675163
448000,26.812110,27.521861,29.464314,30.279700,30.156984,30.617429,27.945852,30.112842,31.132789,30.649797,30.350944,30.748464,30.659348,33.759987,34.236554,34.566389,34.677197,35.168633,34.980038,34.806522,35.205710,35.784871,36.024844,35.137390,35.818377,36.073802,35.435030,35.587520,36.670458,36.800670,36.484226,37.186363,36.752960,37.516480,37.279212,37.474474,36.897163,37.670950,37.408411,40.062201,40.286991,41.232409,40.715907,41.515271,41.961954,41.335041,41.143950,41.615191,41.842078,42.259499,43.213871,41.915253,69.194440
512000,27.124047,27.876486,29.924980,30.731003,30.575284,30.967512,28.365082,30.550735,31.538110,31.032163,30.671293,31.155862,31.045043,34.284729,34.686755,35.017220,35.136155,35.712957,35.483062,35.202105,35.659080,36.461415,36.629389,35.656802,36.399341,36.592708,36.267996,36.396884,37.329029,37.744030,37.238602,38.241914,37.449495,38.459778,38.061863,38.186775,37.596868,38.563876,38.165188,41.446182,41.657680,43.305588,42.063943,43.127478,43.988627,42.940413,42.454376,43.366826,43.592809,44.243227,45.004875,43.379071,70.360831
576000,27.432792,28.095767,30.118916,30.854536,30.653620,31.113375,28.539376,30.701961,31.759021,31.293908,30.889192,31.354739,31.237012,34.408395,34.715709,35.194966,35.299780,35.756605,35.588349,35.417626,35.797181,36.475888,36.682665,35.687501,36.459743,36.816545,36.059977,36.131118,37.026561,37.319381,37.066941,37.963775,37.201998,38.181737,37.661799,37.798708,37.407421,38.225060,37.712054,40.739788,41.005442,42.789785,41.277764,42.506907,43.589926,42.426381,41.694714,42.925562,42.942375,43.733487,44.275019,42.837222,71.087807
640000,27.158438,27.993199,30.054741,30.793058,30.607256,31.142786,28.373456,30.690372,31.644017,31.191162,30.713570,31.284662,31.163813,34.305998,34.596619,35.016976,35.084796,35.683943,35.447535,35.221743,35.644711,36.394205,36.582356,35.702845,36.407593,36.586513,35.823036,35.994088,37.044916,37.324218,36.908815,37.655388,37.071852,37.982388,37.709789,37.711437,38.024091,38.139028,37.723783,40.176547,40.517445,42.391628,40.735170,41.966178,42.996988,41.927949,41.174573,42.479376,42.315466,43.188011,43.576467,42.342757,72.127718
1280000,27.773072,28.633103,31.275158,31.531088,31.291180,31.939424,28.879389,31.436038,32.389924,31.917217,31.329976,31.944738,31.885872,34.662878,34.920266,35.407546,35.694343,36.330885,36.208975,35.645948,36.238691,37.215344,37.331391,36.119940,36.998061,37.371669,37.177284,37.498212,38.068005,38.310344,38.477342,39.092705,37.948814,39.487836,39.163078,39.084483,38.487663,39.828693,39.065259,41.088687,41.755436,43.300711,42.096706,43.014667,44.281118,42.715571,42.520602,43.494863,43.456455,44.240972,44.809198,43.567553,76.061092
1920000,27.974129,28.810032,31.284787,31.884825,31.767776,32.384331,29.323222,31.858908,32.749540,32.489253,31.720845,32.397403,32.314410,34.778164,35.114451,35.829753,36.368958,36.654203,36.645060,35.871723,36.556616,37.816604,37.976075,36.328021,37.549928,38.020946,37.275111,37.692564,38.030182,38.269450,38.760509,39.251592,37.947428,39.836067,39.470454,39.290493,38.570036,40.193006,39.312184,42.279442,42.603858,44.397404,42.869554,43.842805,45.266306,43.423507,43.361661,44.532826,44.462069,45.606814,46.285381,44.423227,78.120323
2560000,28.309177,28.981165,31.621417,32.121215,32.087736,32.748791,29.497356,32.139707,33.099911,32.630983,32.184699,32.744502,32.674534,35.099536,35.532717,36.164243,36.588213,37.006808,36.904243,36.136576,36.878961,38.185948,38.332348,36.702679,37.929091,38.294963,37.703802,38.081167,38.414697,38.626652,39.147558,39.522138,38.322487,39.988663,39.943395,39.737675,38.987403,40.565210,39.739256,42.611248,43.048763,44.857453,43.277465,44.231395,45.755020,43.635903,43.802360,44.907209,44.808233,46.065830,46.775476,44.772969,80.329918
3200000,28.485684,29.208778,31.912534,32.375042,32.373590,33.021736,29.706694,32.251190,33.479896,32.967333,32.288092,32.981772,32.935797,35.292114,35.581722,36.440615,37.085483,37.396478,37.372266,36.303824,37.261882,38.608572,38.718519,36.947349,38.238628,38.680400,37.928827,38.201506,38.714368,38.944266,39.438093,39.860591,38.556812,40.311810,40.388545,40.090257,39.442990,40.990242,40.144518,42.624989,43.035882,44.712899,43.415409,44.274173,45.802839,43.599081,43.860799,45.066893,44.899911,46.089866,46.982763,44.922967,81.438500
3840000,28.531544,29.115267,32.055091,32.473495,32.532341,33.164002,29.779925,32.348590,33.618912,33.123259,32.453197,33.128999,33.086538,35.232243,35.436498,36.381084,37.180874,37.471736,37.520398,36.169596,37.340594,38.757026,38.779700,36.961204,38.532494,38.719684,37.888096,38.149162,38.849490,39.095864,39.376875,40.065661,38.611289,40.403187,40.624628,40.333793,39.361517,41.245028,40.297577,42.666549,43.141465,44.831358,43.589491,44.440789,45.878821,43.749490,43.957197,45.120971,44.990238,46.136312,47.136593,45.040760,83.440222
4480000,28.833466,29.564154,32.399704,32.736842,32.867183,33.558446,30.190018,32.786952,33.928120,33.434149,32.767636,33.476408,33.476455,35.697601,35.895100,36.831977,37.579841,38.000914,38.224490,36.664758,37.724261,39.292801,39.224483,37.550916,38.954812,39.284205,38.508257,38.767629,39.389474,39.552648,39.887148,40.526972,39.171837,41.006761,41.174269,40.805250,39.978924,41.919995,40.879420,43.536952,43.822519,45.881327,44.554118,45.282485,46.820798,44.481238,44.744030,45.961813,45.783861,47.141918,48.309215,45.794106,85.461410
5120000,28.725527,29.397797,32.359196,32.770775,32.827334,33.499894,30.012166,32.795770,34.002253,33.423172,32.750291,33.496961,33.458634,35.533903,35.708399,36.711221,37.458853,37.875409,38.125769,36.486477,37.625678,39.137083,39.168045,37.357690,38.896651,39.261199,38.304791,38.532697,39.162321,39.382428,39.797825,40.363893,38.873974,40.742811,40.979423,40.715567,39.705960,41.684655,40.699874,43.092481,43.631115,45.171271,44.030260,44.838605,46.251112,44.016663,44.408409,45.577854,45.436517,46.695420,47.636135,45.424176,89.790796
5760000,28.723712,29.460135,32.474444,32.801492,32.953707,33.631715,30.046387,32.792210,34.031807,33.596554,32.794199,33.514846,33.495291,35.519371,35.715299,36.751416,37.684855,38.022400,37.994798,36.547812,37.664222,39.266904,39.356309,37.393268,38.980133,39.293648,38.286294,38.490323,39.208669,39.387988,39.812928,40.426116,38.986525,40.766253,41.080396,40.845384,39.732076,41.779665,40.732053,43.200736,43.642257,45.413416,44.132268,45.046072,46.492492,44.136862,44.534853,45.699769,45.597038,46.757619,47.877650,45.544047,90.633973
6400000,28.937591,29.575561,32.659334,32.975372,33.162477,33.803613,30.161127,33.028384,34.197627,33.769973,32.955959,33.739715,33.760892,35.726736,35.868694,36.934198,37.796974,38.224495,38.274790,36.713328,37.848726,39.485638,39.588169,37.595919,39.207340,39.558186,38.440606,38.693556,39.516738,39.712191,40.109667,40.748331,39.115642,41.058172,41.418187,41.009523,39.976958,42.225973,41.046088,43.404277,43.763646,45.679004,44.419035,45.291454,46.850244,44.416074,44.698659,45.940014,45.802349,47.061184,48.193104,45.814619,92.351489
12800000,29.395471,29.998296,33.396534,33.669569,33.884139,34.629718,30.669051,33.579683,35.102935,34.627629,33.631079,34.539097,34.564088,36.071767,36.257192,37.541878,38.550619,39.167674,39.205055,37.092049,38.629421,40.444003,40.350145,38.229030,40.024164,40.371654,38.790296,39.172576,40.202419,40.214776,40.890264,41.675751,39.567488,41.918354,42.367705,41.922543,40.937049,43.136534,41.893620,43.969928,44.329643,46.668875,45.451419,46.286043,47.752291,45.133162,45.538349,47.072782,47.061406,47.976557,49.313126,46.910122,104.199451
19200000,29.704422,30.341613,33.789668,34.089281,34.277353,35.076192,30.885943,34.064438,35.500242,35.190011,34.173610,34.973867,35.090658,36.327227,36.549864,38.041900,39.083157,39.683020,39.662757,37.379002,39.020418,40.923805,40.884586,38.808564,40.464112,40.916938,39.072621,39.532392,40.676774,40.666642,41.495669,42.375357,39.816745,42.442578,42.843454,42.501970,41.243613,43.637662,42.425987,44.485671,45.196763,47.130256,46.081074,46.851342,48.514908,45.501707,46.100638,47.716221,47.545534,48.657216,50.054489,47.585983,109.300136
25600000,29.843488,30.524889,34.101487,34.449927,34.598210,35.308803,31.018766,34.341832,35.901068,35.458939,34.430853,35.274584,35.477676,36.426775,36.667586,38.265073,39.288130,39.995289,39.931095,37.456867,39.249960,41.310158,41.189835,39.015228,40.782885,41.128775,39.171925,39.600016,40.902480,40.884650,41.770114,42.900233,39.928860,42.784506,43.010353,42.697304,41.510478,44.011349,42.702954,44.647905,45.150430,47.460486,46.444119,47.256724,48.933398,45.765887,46.356114,48.439825,48.215889,48.879071,50.378791,48.088519,113.432298
32000000,29.955984,30.659263,34.358544,34.811432,35.046347,35.711714,31.079772,34.590497,36.158431,35.751657,34.771475,35.811434,35.825700,36.496103,36.791905,38.460641,39.538608,40.331765,40.302245,37.629996,39.541767,41.440882,41.437320,39.228799,41.116227,41.532152,39.239787,39.721049,41.069824,41.097172,42.005503,43.185876,39.938477,42.974238,43.308015,42.961094,42.127901,44.208270,42.934922,44.851567,45.445059,47.610319,46.680980,47.727684,49.525416,45.829602,46.652578,48.852399,48.640192,49.167647,50.733442,48.593662,116.493111
38400000,30.106411,30.738644,34.515110,34.768165,35.002664,35.729558,31.256976,34.747649,36.310080,35.940935,34.947257,35.749638,35.860566,36.669155,36.976749,38.675373,39.747771,40.530511,40.448703,37.770284,39.668183,41.654812,41.661105,39.425178,41.254975,41.667594,39.456399,39.871965,41.336213,41.320314,42.308772,43.540551,40.325956,43.231440,43.503997,43.117436,41.874063,44.411890,43.164270,45.158157,45.607734,47.888664,46.929134,47.829862,49.731947,46.054584,46.866224,49.129311,48.950063,49.412410,50.951882,48.885168,119.285988
44800000,30.094310,30.801723,34.620476,34.905140,35.208413,35.783523,31.161075,34.866094,36.343183,35.941549,34.982454,35.890842,35.971285,36.578332,36.935562,38.687577,39.896712,40.651737,40.496951,37.737927,39.698791,41.678538,41.646048,39.392293,41.485941,41.621806,39.347140,39.865901,41.270269,41.335165,42.328232,43.524989,40.261943,43.196981,43.551182,43.191671,41.886980,44.479070,43.143467,44.906732,45.664532,47.955715,46.992459,47.996862,49.791668,46.166982,46.892881,49.258485,49.039717,49.443698,51.064557,48.974130,122.309303
51200000,30.223572,30.931746,34.825943,35.096032,35.320264,36.125664,31.295510,35.085477,36.607945,36.222500,35.211905,36.075993,36.216279,36.747004,37.097110,38.920582,40.002755,40.838130,40.686377,37.904391,39.975953,41.931174,42.058321,39.782567,41.554203,41.871620,39.499226,40.061254,41.572119,41.549475,42.566646,43.929812,40.383974,43.475075,43.794736,43.370897,42.220364,44.759152,43.343943,45.121570,45.970864,48.183127,47.246673,48.388424,50.147449,46.232506,47.114105,49.614440,49.373244,49.728303,51.453731,49.474053,124.193817
57600000,30.281495,30.994998,34.995499,35.241656,35.558134,36.220315,31.361420,35.182333,36.760037,36.321626,35.261188,36.275074,36.351443,36.691093,37.112432,38.946641,40.200753,41.040716,40.826204,37.938190,40.077701,42.069691,42.004721,39.694775,41.717998,42.058169,39.427779,40.009099,41.529356,41.557580,42.621107,43.776587,40.413178,43.575744,43.866560,43.479100,42.131243,44.789282,43.522338,45.024546,45.882080,48.144218,47.458616,48.462695,50.280686,46.307702,47.240861,49.755442,49.516048,49.797229,51.420355,49.500678,126.584758
64000000,30.477083,31.139565,35.276998,35.457607,35.736495,36.511606,31.476989,35.463118,37.045046,36.689197,35.471126,36.488758,36.684455,36.824806,37.255229,39.166342,40.385905,41.212799,41.010170,38.058243,40.277535,42.223953,42.308544,39.842855,42.022320,42.320457,39.558954,40.093542,41.807130,41.881383,42.881359,44.366008,40.807310,43.685044,44.144546,43.721056,42.296684,45.063679,43.682020,45.090497,45.991197,48.353638,47.915991,48.678816,50.602649,46.407564,47.442732,50.129624,49.827093,50.038437,51.673840,49.797956,128.364043
128000000,30.923639,31.669628,36.020041,36.175914,36.725049,37.555642,31.966437,36.224030,38.112786,37.536413,36.205582,37.423559,37.642237,37.253792,37.794220,39.847646,41.139674,42.106354,41.871387,38.531822,40.789786,43.125808,43.135127,40.559119,42.816700,43.137165,40.033003,40.668976,42.510737,42.568748,43.780361,45.036573,40.838416,44.441913,44.976445,44.684221,43.020718,45.852156,44.684263,45.583735,46.473628,49.081964,48.662103,49.942780,51.581938,46.942206,48.077433,51.282191,50.802923,50.896720,52.539239,50.767740,161.807392
192000000,31.061135,31.861336,36.446894,36.504249,37.292148,38.103914,32.130925,36.547858,38.288194,37.945006,36.519069,37.973632,37.950523,37.435085,38.031642,40.246102,41.516660,42.483233,42.443943,38.602998,41.127584,43.548125,43.580508,40.882877,43.368422,43.622473,40.154343,40.977035,43.023461,42.987156,44.338516,45.610886,41.288342,44.889899,45.687092,45.287935,43.535812,46.502271,45.329794,46.030873,47.052285,49.678649,49.617937,50.707220,52.157204,47.517666,48.974399,52.298601,51.885365,51.403510,53.269079,51.912585,198.153861
256000000,31.296671,32.100646,36.922264,36.917591,37.900516,38.691870,32.330845,37.029142,38.820177,38.508804,37.162999,38.403457,38.511120,37.699329,38.411426,40.677143,41.969508,43.051004,43.218542,38.802509,41.578145,44.073438,44.257387,41.437250,43.906079,44.299717,40.440774,41.352391,43.555715,43.581461,45.043863,46.127120,41.519939,45.265751,46.543736,46.068997,44.036004,47.182621,46.073149,46.408072,47.592423,50.401552,50.430789,51.529078,52.836948,48.365948,49.760648,53.112030,52.722221,52.022448,53.909512,52.681969,219.886644
320000000,31.409914,32.275569,37.248519,37.199098,38.254664,39.082107,33.232004,38.193154,40.030727,39.763671,38.027520,39.732331,39.889433,37.837508,38.613937,41.035936,42.248840,43.265703,43.253671,38.956539,41.761414,44.319520,44.950180,41.602204,44.180931,44.478382,40.571034,41.628300,43.870194,43.779495,45.253606,46.487784,41.674543,45.577003,46.834087,46.558073,44.367979,47.532970,46.532932,46.811623,47.922121,50.726208,50.963316,51.907270,53.219944,48.403279,50.240349,53.561788,53.192193,52.394526,54.346601,53.143796,237.035771
384000000,31.487570,32.369743,37.376563,37.428584,38.470179,39.337256,34.158079,39.410660,41.352721,41.052897,39.388110,41.116299,41.044312,37.910301,38.678956,41.095208,42.393752,43.441494,43.489222,39.003417,42.048608,44.510651,44.811006,41.798864,44.449351,44.764499,40.608453,41.774734,44.111329,43.941255,45.665920,47.039581,41.775581,45.729060,47.131705,46.836783,44.593489,47.764846,46.769069,46.768774,48.310161,50.976262,51.323503,52.237900,53.728779,48.368512,50.391892,53.913026,53.535635,52.610012,54.620084,53.488694,246.699075
448000000,31.642035,32.558320,37.593951,37.574996,38.725733,39.761468,34.820637,40.145836,42.326727,42.048785,40.081436,41.940378,42.041500,38.179110,38.794025,41.289649,42.593726,43.746998,43.784012,39.133158,42.089988,44.719399,44.991797,42.149694,44.751900,44.989046,40.712280,41.947237,44.231322,44.172019,45.765078,46.925942,41.855409,45.882098,47.390745,47.098608,44.801025,47.968190,47.104675,46.998939,48.409914,51.252339,51.653596,52.466368,54.015366,48.480493,50.686187,54.181582,53.811397,52.754650,54.813510,53.953991,255.380177
512000000,31.721568,32.586869,37.830751,37.876984,39.119008,40.009939,35.152525,40.602243,43.021957,42.807752,40.555570,42.474475,42.786631,38.132360,38.978818,41.545238,42.842337,43.943884,44.038535,39.255258,42.488239,45.104165,45.397339,42.397549,45.115634,45.306582,40.866296,42.055028,44.560530,44.390524,46.224112,47.308782,41.964455,46.140902,47.817530,47.541635,45.080817,48.354571,47.459028,47.140276,48.545720,51.544748,51.925395,52.929710,54.031389,48.731879,51.025263,54.728372,54.144768,53.180950,55.182160,54.202118,265.024909
576000000,31.835500,32.675168,38.000481,38.052290,39.254377,40.252263,35.253183,40.505035,43.172086,42.997120,40.660525,42.572957,42.977711,38.381027,39.283890,41.736177,43.055794,44.178953,44.218357,39.466215,42.607242,45.256534,45.556007,42.493406,45.291699,45.541996,41.030620,42.284701,44.954252,44.617175,46.267905,47.464579,42.098272,46.363138,48.014273,47.697696,45.406273,48.662150,47.700516,47.214330,48.669985,51.829554,52.134493,53.184118,54.229557,48.848439,51.317746,54.856125,54.391406,53.419964,55.367154,54.417484,269.198205
640000000,31.892416,32.681126,38.057648,38.050275,39.357774,40.258629,35.173772,40.338701,43.046951,42.839419,40.712801,42.505913,42.832025,38.243746,39.157495,41.703234,43.047892,44.166192,44.241422,39.342633,42.571127,45.239689,45.578289,42.455927,45.221162,45.663835,40.971884,42.284701,44.752980,44.576159,46.332362,47.444240,42.123810,46.315501,48.039703,47.704373,45.344497,48.625194,47.780936,47.317086,48.616332,51.806308,52.199401,53.132283,54.602193,48.789807,51.328413,54.908281,54.538923,53.424211,55.345873,54.394244,273.666196
1280000000,32.130711,33.062734,38.826734,38.997221,40.650546,41.494739,36.190422,40.740200,43.626719,43.456174,41.173408,43.055936,43.469475,38.847077,39.657368,42.439136,43.849054,45.155938,45.213427,39.852732,43.257234,46.277355,46.533708,43.302150,46.319798,46.535318,41.477209,42.722584,45.442841,45.324916,47.189401,48.347421,42.486868,46.976659,49.115989,48.729818,46.166032,49.553164,48.722841,47.736212,49.103998,52.593765,53.013209,53.995787,55.097353,49.196383,52.095805,55.932891,55.430100,54.122324,56.257045,55.389391,325.716166
1920000000,32.634141,33.659078,39.490353,39.704757,42.274414,42.428483,36.373168,42.077484,45.936564,45.461065,42.131558,44.699948,45.339647,39.084897,39.882253,42.885342,44.404311,45.796512,45.827456,40.068295,43.763465,46.916686,47.242376,43.727337,46.907652,47.227889,41.778549,43.120322,45.985594,45.888530,47.900063,49.009490,42.699662,47.466100,49.804667,49.723483,46.719848,50.256728,49.465292,48.102174,49.667226,53.080080,53.687575,54.895955,55.827148,49.570350,52.595692,56.688762,56.136159,54.724910,56.892507,56.100178,366.983387
2560000000,42.938221,47.503872,39.812251,40.239292,43.380066,42.982671,50.222260,42.493198,46.792708,46.320334,42.662204,45.605212,46.404303,39.391950,40.113701,43.341605,44.745664,46.238432,46.226373,40.347865,44.050794,47.599091,47.627815,44.076815,47.361553,47.617894,42.194325,43.419112,46.495199,46.276745,48.278173,49.356696,42.992923,47.795421,50.231134,49.958246,47.110391,50.639604,49.959072,48.544502,49.834158,53.495625,54.081656,55.405455,56.218686,49.902948,53.034652,57.059315,56.656922,55.045741,57.340282,56.574372,392.227864
3200000000,51.229234,58.455077,40.276512,40.710469,44.380843,43.595351,62.431332,42.746652,47.534025,46.892064,42.913255,46.121479,46.951563,39.589513,40.288468,43.532411,45.089682,46.676578,46.660116,40.684840,44.361196,47.809923,48.064961,44.461712,47.823189,48.124589,42.457162,43.571896,46.595105,46.671572,48.668712,49.848430,43.201190,48.085842,50.699265,50.322261,47.410604,51.102335,50.332573,49.261129,49.984343,53.860422,54.422745,55.633312,56.606067,50.138859,53.272837,57.480190,56.956303,55.388477,57.617151,57.011802,411.816823
3840000000,56.417996,64.725419,43.007980,44.471504,45.537853,46.111875,69.679007,45.618001,49.490405,47.941117,46.195211,47.245781,48.444372,39.831922,41.548510,43.884553,45.370032,47.053610,46.997679,40.918522,44.548825,48.193520,48.417551,44.670490,48.103017,48.402062,42.753561,43.944961,46.762630,47.066781,48.899963,50.086720,43.707765,48.255937,50.950353,50.561712,47.729564,51.315563,50.607057,48.935551,50.308219,54.155296,54.694487,55.764413,56.871976,50.983869,53.502664,57.682141,57.299665,55.568357,58.024499,57.225885,425.514358
4480000000,66.506541,69.231026,51.044874,51.976890,54.820886,53.388575,76.038602,53.935503,57.854834,56.722867,53.250144,55.653299,56.818362,45.143825,47.001019,48.030839,49.819936,51.282497,51.575445,46.787979,49.385309,52.935950,53.048258,49.237728,52.767393,53.002990,48.281023,51.236452,51.821597,52.300532,54.059056,55.098159,49.420299,53.350781,56.006062,55.909369,52.665290,56.368397,55.619290,56.119292,57.832188,60.456776,61.579456,62.729640,63.643404,57.293341,60.520897,64.301503,63.737103,62.043666,64.778321,63.710323,445.365273
5120000000,64.502705,72.603492,56.777606,57.843542,59.971029,59.246815,80.568582,59.279766,63.241210,62.044627,58.791846,60.898783,61.935215,49.731004,53.102578,54.098757,56.207911,57.956790,57.824314,52.853179,56.025176,59.942690,60.185006,56.043383,59.844872,60.216901,54.640331,57.499759,59.351187,60.022919,61.842372,63.240429,56.463177,60.919582,63.747851,63.473672,60.238611,64.092676,63.439113,64.857962,67.476794,70.095123,71.328916,72.601433,73.446579,66.324326,70.310603,74.094510,73.526678,71.978164,74.435519,73.850003,456.905957
5760000000,66.157817,74.636886,61.194507,62.303223,63.601788,63.832868,85.704208,63.573671,66.816234,65.547864,63.026925,64.668382,65.747649,52.970271,57.418906,58.641890,60.890160,62.504283,62.613693,57.402695,60.965847,65.330237,65.703954,60.861052,65.175979,65.575010,58.686774,62.496144,64.495207,65.647350,66.976806,68.371746,60.841801,65.960732,68.973100,69.225446,65.305977,69.625267,68.781366,70.085192,73.278850,76.025501,77.447466,78.424020,79.547376,71.871954,76.284438,79.858466,79.758232,78.321820,80.501880,79.841679,460.836524
6400000000,68.405938,76.145850,65.067616,66.256534,67.571132,67.692005,89.575760,67.704000,71.086293,69.878736,66.676514,68.289616,69.699098,55.974793,60.882861,62.227047,64.786228,66.452999,66.321490,61.158193,64.840899,69.765012,69.795919,64.706781,69.441921,69.768353,62.163715,66.234441,68.332405,69.772985,71.208226,72.371012,64.406546,69.827847,73.365392,73.095859,69.356007,73.907291,73.044825,74.196980,77.485083,80.410816,82.162249,83.177917,84.019297,75.840831,80.790837,84.854367,84.607776,82.198594,85.106883,84.596581,473.697359
12800000000,74.659987,83.981576,81.890351,83.977514,83.894955,85.278458,104.851493,85.373308,88.527417,86.631916,83.011336,84.104647,86.557158,68.124243,76.607011,78.090943,81.273376,83.194083,82.914311,76.044325,80.786841,86.229092,86.247166,80.427308,85.711414,86.252518,75.872207,82.362697,85.267955,87.234439,88.719734,89.678711,82.012840,87.945441,92.354557,91.983558,87.145623,92.428493,92.004170,90.014082,95.413145,98.393209,100.834855,101.774160,102.900695,92.370919,99.130020,103.857608,103.418777,99.717667,104.100645,103.411021,567.066149
19200000000,78.802882,87.841603,88.244268,92.380973,89.890770,93.053633,110.818586,94.092029,95.669500,93.666574,91.100800,89.996578,93.497693,72.843734,82.566467,83.951899,87.457396,89.403587,89.140310,82.240611,86.943217,92.873377,92.496756,86.255032,91.813768,92.491413,80.918842,88.488703,91.028500,93.576141,95.150676,96.116489,88.188561,94.169898,99.139542,98.648618,93.459383,99.015952,98.693797,95.574424,102.036449,104.675271,107.475645,108.519478,109.477634,99.269440,106.479294,111.103419,110.779216,106.581214,111.145344,110.784611,615.398398
25600000000,80.056464,90.345285,92.847945,97.751423,93.213335,98.867339,113.527964,99.346464,99.439478,97.513589,95.859547,94.000580,97.400178,75.476069,85.576961,86.805238,90.331937,92.399244,92.419366,85.551455,90.309679,96.539159,95.990341,89.358384,95.170449,95.983667,83.544865,91.497897,94.074057,96.760822,98.650368,99.127232,90.806526,97.084149,102.157367,101.857603,96.520336,101.976447,101.859919,98.436855,105.172641,107.855061,110.902233,111.991369,112.842433,104.602562,110.872178,115.961454,115.340952,110.910819,115.868840,115.298140,642.716789
32000000000,82.836017,92.581581,97.452251,101.687859,99.800514,103.733873,116.474834,103.759715,107.365168,104.208107,100.708265,100.543136,105.591855,77.971047,87.796300,88.837265,92.514317,94.803175,94.602660,88.283896,92.776710,99.432326,98.457706,91.622839,97.388754,98.491166,85.276917,93.861236,96.199304,99.071612,100.874588,101.735487,93.413698,99.473185,104.803182,104.285520,99.145278,104.286835,104.174974,100.143508,107.556438,110.089251,113.507583,114.390126,115.765979,107.640375,113.646175,118.557800,118.085746,113.462711,118.644118,118.269543,675.323111
